| time | RAM16K[16] | RAM16K[17] | RAM16K[18] | RAM16K[19] | RAM16K[20] | RAM16K[21] | RAM16K[22] | RAM16K[23] | RAM16K[24] | RAM16K[25] | RAM16K[26] | RAM16K[27] | RAM16K[28] | RAM16K[29] | RAM16K[30] | RAM16K[31] | RAM16K[32] | RAM16K[33] | RAM16K[34] |
| 0    |          0 |          0 |          0 |          0 |          0 |          0 |          0 |          0 |          0 |          0 |          0 |          0 |          0 |          0 |          0 |          0 |          0 |          0 |          0 |
| 1    |          0 |          0 |          0 |          0 |          0 |          0 |          0 |          0 |          0 |          0 |          0 |          0 |          0 |          0 |          0 |          0 |          0 |          0 |          0 |
| 2    |          0 |          0 |          0 |          0 |          0 |          0 |          0 |          0 |          0 |          0 |          0 |          0 |          0 |          0 |          0 |          0 |          0 |          0 |          0 |
| 3    |          0 |          0 |          0 |          0 |          0 |          0 |          0 |          0 |          0 |          0 |          0 |          0 |          0 |          0 |          0 |          0 |          0 |          0 |          0 |
| 4    |          0 |          0 |          0 |          0 |          0 |          0 |          0 |          0 |          0 |          0 |          0 |          0 |          0 |          0 |          0 |          0 |          0 |          0 |          0 |
| 5    |          0 |          0 |          0 |          0 |          0 |          0 |          0 |          0 |          0 |          0 |          0 |          0 |          0 |          0 |          0 |          0 |          0 |          0 |          0 |
| 6    |          0 |          0 |          0 |          0 |          0 |          0 |          0 |          0 |          0 |          0 |          0 |          0 |          0 |          0 |          0 |          0 |          0 |          0 |          0 |
| 7    |          0 |          0 |          0 |          0 |          0 |          0 |          0 |          0 |          0 |          0 |          0 |          0 |          0 |          0 |          0 |          0 |          0 |          0 |          0 |
| 8    |          0 |          0 |          0 |          0 |          0 |          0 |          0 |          0 |          0 |          0 |          0 |          0 |          0 |          0 |          0 |          0 |          0 |          0 |          0 |
| 9    |          0 |          0 |          0 |          0 |          0 |          0 |          0 |          0 |          0 |          0 |          0 |          0 |          0 |          0 |          0 |          0 |          0 |          0 |          0 |
| 10   |          0 |          0 |          0 |          0 |          0 |          0 |          0 |          1 |          0 |          0 |          0 |          0 |          0 |          0 |          0 |          0 |          0 |          0 |          0 |
| 11   |          0 |          0 |          0 |          0 |          0 |          0 |          0 |          1 |          0 |          0 |          0 |          0 |          0 |          0 |          0 |          0 |          0 |          0 |          0 |
| 12   |          0 |          0 |          0 |          0 |          0 |          0 |          0 |          1 |          0 |          0 |          0 |          0 |          0 |          0 |          0 |          0 |          0 |          0 |          0 |
| 13   |          0 |          0 |          0 |          0 |          0 |          0 |          0 |          1 |          0 |          0 |          0 |          0 |          0 |          0 |          0 |          0 |          0 |          0 |          0 |
| 14   |          0 |          0 |          0 |          0 |          0 |          0 |          0 |          1 |          0 |          1 |          0 |          0 |          0 |          0 |          0 |          0 |          0 |          0 |          0 |
| 15   |          0 |          0 |          0 |          0 |          0 |          0 |          0 |          1 |          0 |          1 |          0 |          0 |          0 |          0 |          0 |          0 |          0 |          0 |          0 |
| 16   |          0 |          0 |          0 |          0 |          0 |          0 |          0 |          1 |          0 |          1 |          0 |          0 |          0 |          0 |          0 |          0 |          0 |          0 |          0 |
| 17   |          0 |          0 |          0 |          0 |          0 |          0 |          0 |          1 |          0 |          1 |          0 |          0 |          0 |          0 |          0 |          0 |          0 |          0 |          0 |
| 18   |          0 |          0 |          0 |          0 |          0 |          0 |          0 |          1 |          0 |          1 |          0 |          1 |          0 |          0 |          0 |          0 |          0 |          0 |          0 |
| 19   |          0 |          0 |          0 |          0 |          0 |          0 |          0 |          1 |          0 |          1 |          0 |          1 |          0 |          0 |          0 |          0 |          0 |          0 |          0 |
| 20   |          0 |          0 |          0 |          0 |          0 |          0 |          0 |          1 |          0 |          1 |          0 |          1 |          0 |          0 |          0 |          0 |          0 |          0 |          0 |
| 21   |          0 |          0 |          0 |          0 |          0 |          0 |          0 |          1 |          0 |          1 |          0 |          1 |          0 |          0 |          0 |          0 |          0 |          0 |          0 |
| 22   |          0 |          0 |          0 |          0 |          0 |          0 |          0 |          1 |          0 |          1 |          0 |          1 |          0 |          1 |          0 |          0 |          0 |          0 |          0 |
| 23   |          0 |          0 |          0 |          0 |          0 |          0 |          0 |          1 |          0 |          1 |          0 |          1 |          0 |          1 |          0 |          0 |          0 |          0 |          0 |
| 24   |          0 |          0 |          0 |          0 |          0 |          0 |          0 |          1 |          0 |          1 |          0 |          1 |          0 |          1 |          0 |          0 |          0 |          0 |          0 |
| 25   |          0 |          0 |          0 |          0 |          0 |          0 |          0 |          1 |          0 |          1 |          0 |          1 |          0 |          1 |          0 |          0 |          0 |          0 |          0 |
| 26   |          0 |          0 |          0 |          0 |          0 |          0 |          0 |          1 |          0 |          1 |          0 |          1 |          0 |          1 |          0 |          0 |          0 |          0 |          0 |
| 27   |          0 |          0 |          0 |          0 |          0 |          0 |          0 |          1 |          0 |          1 |          0 |          1 |          0 |          1 |          0 |          0 |          0 |          0 |          0 |
| 28   |          0 |          0 |          0 |          0 |          0 |          0 |          0 |          1 |          0 |          1 |          0 |          1 |          0 |          1 |          0 |          0 |          0 |          0 |          0 |
| 29   |          0 |          0 |          0 |          0 |          0 |          0 |          0 |          1 |          0 |          1 |          0 |          1 |          0 |          1 |          0 |          0 |          0 |          0 |          0 |
| 30   |          0 |          0 |          0 |          0 |          0 |          0 |          0 |          1 |          0 |          1 |          0 |          1 |          0 |          1 |          0 |          0 |          0 |          0 |          0 |
| 31   |          0 |          0 |          0 |          0 |          0 |          0 |          0 |          1 |          0 |          1 |          0 |          1 |          0 |          1 |          0 |          0 |          0 |          0 |          0 |
| 32   |          0 |          0 |          0 |          0 |          0 |          0 |          0 |          1 |          0 |          1 |          0 |          1 |          0 |          1 |          0 |          0 |          0 |          0 |          0 |
| 33   |          0 |          0 |          0 |          0 |          0 |          0 |          0 |          1 |          0 |          1 |          0 |          1 |          0 |          1 |          0 |          0 |          0 |          0 |          0 |
| 34   |          0 |          0 |          0 |          0 |          0 |          0 |          0 |          1 |          0 |          1 |          0 |          1 |          0 |          1 |          0 |          0 |          0 |          0 |          0 |
| 35   |          0 |          0 |          0 |          0 |          0 |          0 |          0 |          1 |          0 |          1 |          0 |          1 |          0 |          1 |          0 |          0 |          0 |          0 |          0 |
| 36   |          0 |          0 |          0 |          0 |          0 |          0 |          0 |          1 |          0 |          1 |          0 |          1 |          0 |          1 |          0 |          0 |          0 |          0 |          0 |
| 37   |          0 |          0 |          0 |          0 |          0 |          0 |          0 |          1 |          0 |          1 |          0 |          1 |          0 |          1 |          0 |          0 |          0 |          0 |          0 |
| 38   |          0 |          1 |          0 |          0 |          0 |          0 |          0 |          1 |          0 |          1 |          0 |          1 |          0 |          1 |          0 |          0 |          0 |          0 |          0 |
| 39   |          0 |          1 |          0 |          0 |          0 |          0 |          0 |          1 |          0 |          1 |          0 |          1 |          0 |          1 |          0 |          0 |          0 |          0 |          0 |
| 40   |          0 |          1 |          0 |          0 |          0 |          0 |          0 |          1 |          0 |          1 |          0 |          1 |          0 |          1 |          0 |          0 |          0 |          0 |          0 |
| 41   |          0 |          1 |          0 |          0 |          0 |          0 |          0 |          1 |          0 |          1 |          0 |          1 |          0 |          1 |          0 |          0 |          0 |          0 |          0 |
| 42   |          0 |          1 |          0 |          0 |          0 |          0 |          0 |          1 |          0 |          1 |          0 |          1 |          0 |          1 |          0 |          0 |          0 |          0 |          0 |
| 43   |          0 |          1 |          0 |          0 |          0 |          0 |          0 |          1 |          0 |          1 |          0 |          1 |          0 |          1 |          0 |          0 |          0 |          0 |          0 |
| 44   |          0 |          1 |          0 |          0 |          0 |          0 |          0 |          1 |          0 |          1 |          0 |          1 |          0 |          1 |          0 |          0 |          0 |          0 |          0 |
| 45   |          0 |          1 |          0 |          0 |          0 |          0 |          0 |          1 |          0 |          1 |          0 |          1 |          0 |          1 |          0 |          0 |          0 |          0 |          0 |
| 46   |          0 |          1 |          0 |          0 |          0 |          0 |          0 |          1 |          0 |          1 |          0 |          1 |          0 |          1 |          0 |          0 |          0 |          0 |          0 |
| 47   |          0 |          1 |          0 |          0 |          0 |          0 |          0 |          1 |          0 |          1 |          0 |          1 |          0 |          1 |          0 |          0 |          0 |          0 |          0 |
| 48   |          0 |          1 |          0 |          0 |          0 |          0 |          0 |          1 |          0 |          1 |          0 |          1 |          0 |          1 |          0 |          0 |          0 |          0 |          0 |
| 49   |          0 |          1 |          0 |          0 |          0 |          0 |          0 |          1 |          0 |          1 |          0 |          1 |          0 |          1 |          0 |          0 |          0 |          0 |          0 |
| 50   |          0 |          1 |          0 |          0 |          0 |          0 |          0 |          1 |          0 |          1 |          0 |          1 |          0 |          1 |          0 |          0 |          0 |          0 |          0 |
| 51   |          0 |          1 |          0 |          1 |          0 |          0 |          0 |          1 |          0 |          1 |          0 |          1 |          0 |          1 |          0 |          0 |          0 |          0 |          0 |
| 52   |          0 |          1 |          0 |          1 |          0 |          0 |          0 |          1 |          0 |          1 |          0 |          1 |          0 |          1 |          0 |          0 |          0 |          0 |          0 |
| 53   |          0 |          1 |          0 |          1 |          0 |          0 |          0 |          1 |          0 |          1 |          0 |          1 |          0 |          1 |          0 |          0 |          0 |          0 |          0 |
| 54   |          0 |          1 |          0 |          1 |          0 |          0 |          0 |          1 |          0 |          1 |          0 |          1 |          0 |          1 |          0 |          0 |          0 |          0 |          0 |
| 55   |          0 |          1 |          0 |          1 |          0 |          0 |          0 |          1 |          0 |          1 |          0 |          1 |          0 |          1 |          0 |          0 |          0 |          0 |          0 |
| 56   |          0 |          1 |          0 |          1 |          0 |          0 |          0 |          1 |          0 |          1 |          0 |          1 |          0 |          1 |          0 |          0 |          0 |          0 |          0 |
| 57   |          0 |          1 |          0 |          1 |          0 |          0 |          0 |          1 |          0 |          1 |          0 |          1 |          0 |          1 |          0 |          0 |          0 |          0 |          0 |
| 58   |          0 |          1 |          0 |          1 |          0 |          0 |          0 |          1 |          0 |          1 |          0 |          1 |          0 |          1 |          0 |          0 |          0 |          0 |          0 |
| 59   |          0 |          1 |          0 |          1 |          0 |          0 |          0 |          1 |          0 |          1 |          0 |          1 |          0 |          1 |          0 |          0 |          0 |          0 |          0 |
| 60   |          0 |          1 |          0 |          1 |          0 |          0 |          0 |          1 |          0 |          1 |          0 |          1 |          0 |          1 |          0 |          0 |          0 |          0 |          0 |
| 61   |          0 |          1 |          0 |          1 |          0 |          0 |          0 |          1 |          0 |          1 |          0 |          1 |          0 |          1 |          0 |          0 |          0 |          0 |          0 |
| 62   |          0 |          2 |          0 |          1 |          0 |          0 |          0 |          1 |          0 |          1 |          0 |          1 |          0 |          1 |          0 |          0 |          0 |          0 |          0 |
| 63   |          0 |          2 |          0 |          1 |          0 |          0 |          0 |          1 |          0 |          1 |          0 |          1 |          0 |          1 |          0 |          0 |          0 |          0 |          0 |
| 64   |          0 |          2 |          0 |          1 |          0 |          0 |          0 |          1 |          0 |          1 |          0 |          1 |          0 |          1 |          0 |          0 |          0 |          0 |          0 |
| 65   |          0 |          2 |          0 |          1 |          0 |          0 |          0 |          1 |          0 |          1 |          0 |          1 |          0 |          1 |          0 |          0 |          0 |          0 |          0 |
| 66   |          0 |          2 |          0 |          1 |          0 |          0 |          0 |          1 |          0 |          1 |          0 |          1 |          0 |          1 |          0 |          0 |          0 |          0 |          0 |
| 67   |          0 |          2 |          0 |          1 |          0 |          0 |          0 |          1 |          0 |          1 |          0 |          1 |          0 |          1 |          0 |          0 |          0 |          0 |          0 |
| 68   |          0 |          2 |          0 |          1 |          0 |          0 |          0 |          1 |          0 |          1 |          0 |          1 |          0 |          1 |          0 |          0 |          0 |          0 |          0 |
| 69   |          0 |          2 |          0 |          1 |          0 |          0 |          0 |          1 |          0 |          1 |          0 |          1 |          0 |          1 |          0 |          0 |          0 |          0 |          0 |
| 70   |          0 |          2 |          0 |          1 |          0 |          0 |          0 |          1 |          0 |          1 |          0 |          1 |          0 |          1 |          0 |          0 |          0 |          0 |          0 |
| 71   |          0 |          2 |          0 |          1 |          0 |          0 |          0 |          1 |          0 |          1 |          0 |          1 |          0 |          1 |          0 |          0 |          0 |          0 |          0 |
| 72   |          0 |          2 |          0 |          1 |          0 |          0 |          0 |          1 |          0 |          1 |          0 |          1 |          0 |          1 |          0 |          0 |          0 |          0 |          0 |
| 73   |          0 |          2 |          0 |          1 |          0 |          0 |          0 |          1 |          0 |          1 |          0 |          1 |          0 |          1 |          0 |          0 |          0 |          0 |          0 |
| 74   |          0 |          2 |          0 |          1 |          0 |          0 |          0 |          1 |          0 |          1 |          0 |          1 |          0 |          1 |          0 |          0 |          0 |          0 |          0 |
| 75   |          0 |          2 |          0 |          1 |          0 |          0 |          0 |          1 |          0 |          1 |          0 |          1 |          0 |          1 |          0 |          0 |          0 |          0 |          0 |
| 76   |          0 |          2 |          0 |          1 |          0 |          0 |          0 |          1 |          0 |          1 |          0 |          1 |          0 |          1 |          0 |          0 |          0 |          0 |          0 |
| 77   |          0 |          2 |          0 |          0 |          0 |          0 |          0 |          1 |          0 |          1 |          0 |          1 |          0 |          1 |          0 |          0 |          0 |          0 |          0 |
| 78   |          0 |          2 |          0 |          0 |          0 |          0 |          0 |          1 |          0 |          1 |          0 |          1 |          0 |          1 |          0 |          0 |          0 |          0 |          0 |
| 79   |          0 |          2 |          0 |          0 |          0 |          0 |          0 |          1 |          0 |          1 |          0 |          1 |          0 |          1 |          0 |          0 |          0 |          0 |          0 |
| 80   |          0 |          2 |          0 |          0 |          0 |          0 |          0 |          1 |          0 |          1 |          0 |          1 |          0 |          1 |          0 |          0 |          0 |          0 |          0 |
| 81   |          0 |          2 |          0 |          0 |          0 |          0 |          0 |          1 |          0 |          1 |          0 |          1 |          0 |          1 |          0 |          0 |          0 |          0 |          0 |
| 82   |          0 |          2 |          0 |          0 |          0 |          0 |          0 |          1 |          0 |          1 |          0 |          1 |          0 |          1 |          0 |          0 |          0 |          0 |          0 |
| 83   |          0 |          2 |          0 |          0 |          0 |          0 |          0 |          1 |          0 |          1 |          0 |          1 |          0 |          1 |          0 |          0 |          0 |          0 |          0 |
| 84   |          0 |          2 |          0 |          0 |          0 |          0 |          0 |          1 |          0 |          1 |          0 |          1 |          0 |          1 |          0 |          0 |          0 |          0 |          0 |
| 85   |          0 |          2 |          0 |          0 |          0 |          0 |          0 |          1 |          0 |          1 |          0 |          1 |          0 |          1 |          0 |          0 |          0 |          0 |          0 |
| 86   |          0 |          2 |          0 |          0 |          0 |          0 |          0 |          1 |          0 |          1 |          0 |          1 |          0 |          1 |          0 |          0 |          0 |          0 |          0 |
| 87   |          0 |          2 |          0 |          0 |          0 |          0 |          0 |          1 |          0 |          1 |          0 |          1 |          0 |          1 |          0 |          0 |          0 |          0 |          0 |
| 88   |          0 |          3 |          0 |          0 |          0 |          0 |          0 |          1 |          0 |          1 |          0 |          1 |          0 |          1 |          0 |          0 |          0 |          0 |          0 |
| 89   |          0 |          3 |          0 |          0 |          0 |          0 |          0 |          1 |          0 |          1 |          0 |          1 |          0 |          1 |          0 |          0 |          0 |          0 |          0 |
| 90   |          0 |          3 |          0 |          0 |          0 |          0 |          0 |          1 |          0 |          1 |          0 |          1 |          0 |          1 |          0 |          0 |          0 |          0 |          0 |
| 91   |          0 |          3 |          0 |          0 |          0 |          0 |          0 |          1 |          0 |          1 |          0 |          1 |          0 |          1 |          0 |          0 |          0 |          0 |          0 |
| 92   |          0 |          3 |          0 |          0 |          0 |          0 |          0 |          1 |          0 |          1 |          0 |          1 |          0 |          1 |          0 |          0 |          0 |          0 |          0 |
| 93   |          0 |          3 |          0 |          0 |          0 |          0 |          0 |          1 |          0 |          1 |          0 |          1 |          0 |          1 |          0 |          0 |          0 |          0 |          0 |
| 94   |          0 |          3 |          0 |          0 |          0 |          0 |          0 |          1 |          0 |          1 |          0 |          1 |          0 |          1 |          0 |          0 |          0 |          0 |          0 |
| 95   |          0 |          3 |          0 |          0 |          0 |          0 |          0 |          1 |          0 |          1 |          0 |          1 |          0 |          1 |          0 |          0 |          0 |          0 |          0 |
| 96   |          0 |          3 |          0 |          0 |          0 |          0 |          0 |          1 |          0 |          1 |          0 |          1 |          0 |          1 |          0 |          0 |          0 |          0 |          0 |
| 97   |          0 |          3 |          0 |          0 |          0 |          0 |          0 |          1 |          0 |          1 |          0 |          1 |          0 |          1 |          0 |          0 |          0 |          0 |          0 |
| 98   |          0 |          3 |          0 |          0 |          0 |          0 |          0 |          1 |          0 |          1 |          0 |          1 |          0 |          1 |          0 |          0 |          0 |          0 |          0 |
| 99   |          0 |          3 |          0 |          0 |          0 |          0 |          0 |          1 |          0 |          1 |          0 |          1 |          0 |          1 |          0 |          0 |          0 |          0 |          0 |
| 100  |          0 |          3 |          0 |          0 |          0 |          0 |          0 |          1 |          0 |          1 |          0 |          1 |          0 |          1 |          0 |          0 |          0 |          0 |          0 |
| 101  |          0 |          3 |          0 |          0 |          0 |          0 |          0 |          1 |          0 |          1 |          0 |          1 |          0 |          1 |          0 |          0 |          0 |          0 |          0 |
| 102  |          0 |          3 |          0 |          0 |          0 |          0 |          0 |          1 |          0 |          1 |          0 |          1 |          0 |          1 |          0 |          0 |          0 |          0 |          0 |
| 103  |          0 |          3 |          0 |          1 |          0 |          0 |          0 |          1 |          0 |          1 |          0 |          1 |          0 |          1 |          0 |          0 |          0 |          0 |          0 |
| 104  |          0 |          3 |          0 |          1 |          0 |          0 |          0 |          1 |          0 |          1 |          0 |          1 |          0 |          1 |          0 |          0 |          0 |          0 |          0 |
| 105  |          0 |          3 |          0 |          1 |          0 |          0 |          0 |          1 |          0 |          1 |          0 |          1 |          0 |          1 |          0 |          0 |          0 |          0 |          0 |
| 106  |          0 |          3 |          0 |          1 |          0 |          0 |          0 |          1 |          0 |          1 |          0 |          1 |          0 |          1 |          0 |          0 |          0 |          0 |          0 |
| 107  |          0 |          3 |          0 |          1 |          0 |          0 |          0 |          1 |          0 |          1 |          0 |          1 |          0 |          1 |          0 |          0 |          0 |          0 |          0 |
| 108  |          0 |          3 |          0 |          1 |          0 |          0 |          0 |          1 |          0 |          1 |          0 |          1 |          0 |          1 |          0 |          0 |          0 |          0 |          0 |
| 109  |          0 |          3 |          0 |          1 |          0 |          0 |          0 |          1 |          0 |          1 |          0 |          1 |          0 |          1 |          0 |          0 |          0 |          0 |          0 |
| 110  |          0 |          3 |          0 |          1 |          0 |          0 |          0 |          1 |          0 |          1 |          0 |          1 |          0 |          1 |          0 |          0 |          0 |          0 |          0 |
| 111  |          0 |          3 |          0 |          1 |          0 |          0 |          0 |          1 |          0 |          1 |          0 |          1 |          0 |          1 |          0 |          0 |          0 |          0 |          0 |
| 112  |          0 |          3 |          0 |          1 |          0 |          0 |          0 |          1 |          0 |          1 |          0 |          1 |          0 |          1 |          0 |          0 |          0 |          0 |          0 |
| 113  |          0 |          3 |          0 |          1 |          0 |          0 |          0 |          1 |          0 |          1 |          0 |          1 |          0 |          1 |          0 |          0 |          0 |          0 |          0 |
| 114  |          0 |          4 |          0 |          1 |          0 |          0 |          0 |          1 |          0 |          1 |          0 |          1 |          0 |          1 |          0 |          0 |          0 |          0 |          0 |
| 115  |          0 |          4 |          0 |          1 |          0 |          0 |          0 |          1 |          0 |          1 |          0 |          1 |          0 |          1 |          0 |          0 |          0 |          0 |          0 |
| 116  |          0 |          4 |          0 |          1 |          0 |          0 |          0 |          1 |          0 |          1 |          0 |          1 |          0 |          1 |          0 |          0 |          0 |          0 |          0 |
| 117  |          0 |          4 |          0 |          1 |          0 |          0 |          0 |          1 |          0 |          1 |          0 |          1 |          0 |          1 |          0 |          0 |          0 |          0 |          0 |
| 118  |          0 |          4 |          0 |          1 |          0 |          0 |          0 |          1 |          0 |          1 |          0 |          1 |          0 |          1 |          0 |          0 |          0 |          0 |          0 |
| 119  |          0 |          4 |          0 |          1 |          0 |          0 |          0 |          1 |          0 |          1 |          0 |          1 |          0 |          1 |          0 |          0 |          0 |          0 |          0 |
| 120  |          0 |          4 |          0 |          1 |          0 |          0 |          0 |          1 |          0 |          1 |          0 |          1 |          0 |          1 |          0 |          0 |          0 |          0 |          0 |
| 121  |          0 |          4 |          0 |          1 |          0 |          0 |          0 |          1 |          0 |          1 |          0 |          1 |          0 |          1 |          0 |          0 |          0 |          0 |          0 |
| 122  |          0 |          4 |          0 |          1 |          0 |          0 |          0 |          1 |          0 |          1 |          0 |          1 |          0 |          1 |          0 |          0 |          0 |          0 |          0 |
| 123  |          0 |          4 |          0 |          1 |          0 |          0 |          0 |          1 |          0 |          1 |          0 |          1 |          0 |          1 |          0 |          0 |          0 |          0 |          0 |
| 124  |          0 |          4 |          0 |          1 |          0 |          0 |          0 |          1 |          0 |          1 |          0 |          1 |          0 |          1 |          0 |          0 |          0 |          0 |          0 |
| 125  |          0 |          4 |          0 |          1 |          0 |          0 |          0 |          1 |          0 |          1 |          0 |          1 |          0 |          1 |          0 |          0 |          0 |          0 |          0 |
| 126  |          0 |          4 |          0 |          1 |          0 |          0 |          0 |          1 |          0 |          1 |          0 |          1 |          0 |          1 |          0 |          0 |          0 |          0 |          0 |
| 127  |          0 |          4 |          0 |          1 |          0 |          0 |          0 |          1 |          0 |          1 |          0 |          1 |          0 |          1 |          0 |          0 |          0 |          0 |          0 |
| 128  |          0 |          4 |          0 |          1 |          0 |          0 |          0 |          1 |          0 |          1 |          0 |          1 |          0 |          1 |          0 |          0 |          0 |          0 |          0 |
| 129  |          0 |          4 |          0 |          0 |          0 |          0 |          0 |          1 |          0 |          1 |          0 |          1 |          0 |          1 |          0 |          0 |          0 |          0 |          0 |
| 130  |          0 |          4 |          0 |          0 |          0 |          0 |          0 |          1 |          0 |          1 |          0 |          1 |          0 |          1 |          0 |          0 |          0 |          0 |          0 |
| 131  |          0 |          4 |          0 |          0 |          0 |          0 |          0 |          1 |          0 |          1 |          0 |          1 |          0 |          1 |          0 |          0 |          0 |          0 |          0 |
| 132  |          0 |          4 |          0 |          0 |          0 |          0 |          0 |          1 |          0 |          1 |          0 |          1 |          0 |          1 |          0 |          0 |          0 |          0 |          0 |
| 133  |          0 |          4 |          0 |          0 |          0 |          0 |          0 |          1 |          0 |          1 |          0 |          1 |          0 |          1 |          0 |          0 |          0 |          0 |          0 |
| 134  |          0 |          4 |          0 |          0 |          0 |          0 |          0 |          1 |          0 |          1 |          0 |          1 |          0 |          1 |          0 |          0 |          0 |          0 |          0 |
| 135  |          0 |          4 |          0 |          0 |          0 |          0 |          0 |          1 |          0 |          1 |          0 |          1 |          0 |          1 |          0 |          0 |          0 |          0 |          0 |
| 136  |          0 |          4 |          0 |          0 |          0 |          0 |          0 |          1 |          0 |          1 |          0 |          1 |          0 |          1 |          0 |          0 |          0 |          0 |          0 |
| 137  |          0 |          4 |          0 |          0 |          0 |          0 |          0 |          1 |          0 |          1 |          0 |          1 |          0 |          1 |          0 |          0 |          0 |          0 |          0 |
| 138  |          0 |          4 |          0 |          0 |          0 |          0 |          0 |          1 |          0 |          1 |          0 |          1 |          0 |          1 |          0 |          0 |          0 |          0 |          0 |
| 139  |          0 |          4 |          0 |          0 |          0 |          0 |          0 |          1 |          0 |          1 |          0 |          1 |          0 |          1 |          0 |          0 |          0 |          0 |          0 |
| 140  |          0 |          5 |          0 |          0 |          0 |          0 |          0 |          1 |          0 |          1 |          0 |          1 |          0 |          1 |          0 |          0 |          0 |          0 |          0 |
| 141  |          0 |          5 |          0 |          0 |          0 |          0 |          0 |          1 |          0 |          1 |          0 |          1 |          0 |          1 |          0 |          0 |          0 |          0 |          0 |
| 142  |          0 |          5 |          0 |          0 |          0 |          0 |          0 |          1 |          0 |          1 |          0 |          1 |          0 |          1 |          0 |          0 |          0 |          0 |          0 |
| 143  |          0 |          5 |          0 |          0 |          0 |          0 |          0 |          1 |          0 |          1 |          0 |          1 |          0 |          1 |          0 |          0 |          0 |          0 |          0 |
| 144  |          0 |          5 |          0 |          0 |          0 |          0 |          0 |          1 |          0 |          1 |          0 |          1 |          0 |          1 |          0 |          0 |          0 |          0 |          0 |
| 145  |          0 |          5 |          0 |          0 |          0 |          0 |          0 |          1 |          0 |          1 |          0 |          1 |          0 |          1 |          0 |          0 |          0 |          0 |          0 |
| 146  |          0 |          5 |          0 |          0 |          0 |          0 |          0 |          1 |          0 |          1 |          0 |          1 |          0 |          1 |          0 |          0 |          0 |          0 |          0 |
| 147  |          0 |          5 |          0 |          0 |          0 |          0 |          0 |          1 |          0 |          1 |          0 |          1 |          0 |          1 |          0 |          0 |          0 |          0 |          0 |
| 148  |          0 |          5 |          0 |          0 |          0 |          0 |          0 |          1 |          0 |          1 |          0 |          1 |          0 |          1 |          0 |          0 |          0 |          0 |          0 |
| 149  |          0 |          5 |          0 |          0 |          0 |          0 |          0 |          1 |          0 |          1 |          0 |          1 |          0 |          1 |          0 |          0 |          0 |          0 |          0 |
| 150  |          0 |          5 |          0 |          0 |          0 |          0 |          0 |          1 |          0 |          1 |          0 |          1 |          0 |          1 |          0 |          0 |          0 |          0 |          0 |
| 151  |          0 |          5 |          0 |          0 |          0 |          0 |          0 |          1 |          0 |          1 |          0 |          1 |          0 |          1 |          0 |          0 |          0 |          0 |          0 |
| 152  |          0 |          5 |          0 |          0 |          0 |          0 |          0 |          1 |          0 |          1 |          0 |          1 |          0 |          1 |          0 |          0 |          0 |          0 |          0 |
| 153  |          0 |          5 |          0 |          0 |          0 |          0 |          0 |          1 |          0 |          1 |          0 |          1 |          0 |          1 |          0 |          0 |          0 |          0 |          0 |
| 154  |          0 |          5 |          0 |          0 |          0 |          0 |          0 |          1 |          0 |          1 |          0 |          1 |          0 |          1 |          0 |          0 |          0 |          0 |          0 |
| 155  |          0 |          5 |          0 |          1 |          0 |          0 |          0 |          1 |          0 |          1 |          0 |          1 |          0 |          1 |          0 |          0 |          0 |          0 |          0 |
| 156  |          0 |          5 |          0 |          1 |          0 |          0 |          0 |          1 |          0 |          1 |          0 |          1 |          0 |          1 |          0 |          0 |          0 |          0 |          0 |
| 157  |          0 |          5 |          0 |          1 |          0 |          0 |          0 |          1 |          0 |          1 |          0 |          1 |          0 |          1 |          0 |          0 |          0 |          0 |          0 |
| 158  |          0 |          5 |          0 |          1 |          0 |          0 |          0 |          1 |          0 |          1 |          0 |          1 |          0 |          1 |          0 |          0 |          0 |          0 |          0 |
| 159  |          0 |          5 |          0 |          1 |          0 |          0 |          0 |          1 |          0 |          1 |          0 |          1 |          0 |          1 |          0 |          0 |          0 |          0 |          0 |
| 160  |          0 |          5 |          0 |          1 |          0 |          0 |          0 |          1 |          0 |          1 |          0 |          1 |          0 |          1 |          0 |          0 |          0 |          0 |          0 |
| 161  |          0 |          5 |          0 |          1 |          0 |          0 |          0 |          1 |          0 |          1 |          0 |          1 |          0 |          1 |          0 |          0 |          0 |          0 |          0 |
| 162  |          0 |          5 |          0 |          1 |          0 |          0 |          0 |          1 |          0 |          1 |          0 |          1 |          0 |          1 |          0 |          0 |          0 |          0 |          0 |
| 163  |          0 |          5 |          0 |          1 |          0 |          0 |          0 |          1 |          0 |          1 |          0 |          1 |          0 |          1 |          0 |          0 |          0 |          0 |          0 |
| 164  |          0 |          5 |          0 |          1 |          0 |          0 |          0 |          1 |          0 |          1 |          0 |          1 |          0 |          1 |          0 |          0 |          0 |          0 |          0 |
| 165  |          0 |          5 |          0 |          1 |          0 |          0 |          0 |          1 |          0 |          1 |          0 |          1 |          0 |          1 |          0 |          0 |          0 |          0 |          0 |
| 166  |          0 |          6 |          0 |          1 |          0 |          0 |          0 |          1 |          0 |          1 |          0 |          1 |          0 |          1 |          0 |          0 |          0 |          0 |          0 |
| 167  |          0 |          6 |          0 |          1 |          0 |          0 |          0 |          1 |          0 |          1 |          0 |          1 |          0 |          1 |          0 |          0 |          0 |          0 |          0 |
| 168  |          0 |          6 |          0 |          1 |          0 |          0 |          0 |          1 |          0 |          1 |          0 |          1 |          0 |          1 |          0 |          0 |          0 |          0 |          0 |
| 169  |          0 |          6 |          0 |          1 |          0 |          0 |          0 |          1 |          0 |          1 |          0 |          1 |          0 |          1 |          0 |          0 |          0 |          0 |          0 |
| 170  |          0 |          6 |          0 |          1 |          0 |          0 |          0 |          1 |          0 |          1 |          0 |          1 |          0 |          1 |          0 |          0 |          0 |          0 |          0 |
| 171  |          0 |          6 |          0 |          1 |          0 |          0 |          0 |          1 |          0 |          1 |          0 |          1 |          0 |          1 |          0 |          0 |          0 |          0 |          0 |
| 172  |          0 |          6 |          0 |          1 |          0 |          0 |          0 |          1 |          0 |          1 |          0 |          1 |          0 |          1 |          0 |          0 |          0 |          0 |          0 |
| 173  |          0 |          6 |          0 |          1 |          0 |          0 |          0 |          1 |          0 |          1 |          0 |          1 |          0 |          1 |          0 |          0 |          0 |          0 |          0 |
| 174  |          0 |          6 |          0 |          1 |          0 |          0 |          0 |          1 |          0 |          1 |          0 |          1 |          0 |          1 |          0 |          0 |          0 |          0 |          0 |
| 175  |          0 |          6 |          0 |          1 |          0 |          0 |          0 |          1 |          0 |          1 |          0 |          1 |          0 |          1 |          0 |          0 |          0 |          0 |          0 |
| 176  |          0 |          6 |          0 |          1 |          0 |          0 |          0 |          1 |          0 |          1 |          0 |          1 |          0 |          1 |          0 |          0 |          0 |          0 |          0 |
| 177  |          0 |          6 |          0 |          1 |          0 |          0 |          0 |          1 |          0 |          1 |          0 |          1 |          0 |          1 |          0 |          0 |          0 |          0 |          0 |
| 178  |          0 |          6 |          0 |          1 |          0 |          0 |          0 |          1 |          0 |          1 |          0 |          1 |          0 |          1 |          0 |          0 |          0 |          0 |          0 |
| 179  |          0 |          6 |          0 |          1 |          0 |          0 |          0 |          1 |          0 |          1 |          0 |          1 |          0 |          1 |          0 |          0 |          0 |          0 |          0 |
| 180  |          0 |          6 |          0 |          1 |          0 |          0 |          0 |          1 |          0 |          1 |          0 |          1 |          0 |          1 |          0 |          0 |          0 |          0 |          0 |
| 181  |          0 |          6 |          0 |          0 |          0 |          0 |          0 |          1 |          0 |          1 |          0 |          1 |          0 |          1 |          0 |          0 |          0 |          0 |          0 |
| 182  |          0 |          6 |          0 |          0 |          0 |          0 |          0 |          1 |          0 |          1 |          0 |          1 |          0 |          1 |          0 |          0 |          0 |          0 |          0 |
| 183  |          0 |          6 |          0 |          0 |          0 |          0 |          0 |          1 |          0 |          1 |          0 |          1 |          0 |          1 |          0 |          0 |          0 |          0 |          0 |
| 184  |          0 |          6 |          0 |          0 |          0 |          0 |          0 |          1 |          0 |          1 |          0 |          1 |          0 |          1 |          0 |          0 |          0 |          0 |          0 |
| 185  |          0 |          6 |          0 |          0 |          0 |          0 |          0 |          1 |          0 |          1 |          0 |          1 |          0 |          1 |          0 |          0 |          0 |          0 |          0 |
| 186  |          0 |          6 |          0 |          0 |          0 |          0 |          0 |          1 |          0 |          1 |          0 |          1 |          0 |          1 |          0 |          0 |          0 |          0 |          0 |
| 187  |          0 |          6 |          0 |          0 |          0 |          0 |          0 |          1 |          0 |          1 |          0 |          1 |          0 |          1 |          0 |          0 |          0 |          0 |          0 |
| 188  |          0 |          6 |          0 |          0 |          0 |          0 |          0 |          1 |          0 |          1 |          0 |          1 |          0 |          1 |          0 |          0 |          0 |          0 |          0 |
| 189  |          0 |          6 |          0 |          0 |          0 |          0 |          0 |          1 |          0 |          1 |          0 |          1 |          0 |          1 |          0 |          0 |          0 |          0 |          0 |
| 190  |          0 |          6 |          0 |          0 |          0 |          0 |          0 |          1 |          0 |          1 |          0 |          1 |          0 |          1 |          0 |          0 |          0 |          0 |          0 |
| 191  |          0 |          6 |          0 |          0 |          0 |          0 |          0 |          1 |          0 |          1 |          0 |          1 |          0 |          1 |          0 |          0 |          0 |          0 |          0 |
| 192  |          0 |          7 |          0 |          0 |          0 |          0 |          0 |          1 |          0 |          1 |          0 |          1 |          0 |          1 |          0 |          0 |          0 |          0 |          0 |
| 193  |          0 |          7 |          0 |          0 |          0 |          0 |          0 |          1 |          0 |          1 |          0 |          1 |          0 |          1 |          0 |          0 |          0 |          0 |          0 |
| 194  |          0 |          7 |          0 |          0 |          0 |          0 |          0 |          1 |          0 |          1 |          0 |          1 |          0 |          1 |          0 |          0 |          0 |          0 |          0 |
| 195  |          0 |          7 |          0 |          0 |          0 |          0 |          0 |          1 |          0 |          1 |          0 |          1 |          0 |          1 |          0 |          0 |          0 |          0 |          0 |
| 196  |          0 |          7 |          0 |          0 |          0 |          0 |          0 |          1 |          0 |          1 |          0 |          1 |          0 |          1 |          0 |          0 |          0 |          0 |          0 |
| 197  |          0 |          7 |          0 |          0 |          0 |          0 |          0 |          1 |          0 |          1 |          0 |          1 |          0 |          1 |          0 |          0 |          0 |          0 |          0 |
| 198  |          0 |          7 |          0 |          0 |          0 |          0 |          0 |          1 |          0 |          1 |          0 |          1 |          0 |          1 |          0 |          0 |          0 |          0 |          0 |
| 199  |          0 |          7 |          0 |          0 |          0 |          0 |          0 |          1 |          0 |          1 |          0 |          1 |          0 |          1 |          0 |          0 |          0 |          0 |          0 |
| 200  |          0 |          7 |          0 |          0 |          0 |          0 |          0 |          1 |          0 |          1 |          0 |          1 |          0 |          1 |          0 |          0 |          0 |          0 |          0 |
| 201  |          0 |          7 |          0 |          0 |          0 |          0 |          0 |          1 |          0 |          1 |          0 |          1 |          0 |          1 |          0 |          0 |          0 |          0 |          0 |
| 202  |          0 |          7 |          0 |          0 |          0 |          0 |          0 |          1 |          0 |          1 |          0 |          1 |          0 |          1 |          0 |          0 |          0 |          0 |          0 |
| 203  |          0 |          7 |          0 |          0 |          0 |          0 |          0 |          1 |          0 |          1 |          0 |          1 |          0 |          1 |          0 |          0 |          0 |          0 |          0 |
| 204  |          0 |          7 |          0 |          0 |          0 |          0 |          0 |          1 |          0 |          1 |          0 |          1 |          0 |          1 |          0 |          0 |          0 |          0 |          0 |
| 205  |          0 |          7 |          0 |          0 |          0 |          0 |          0 |          1 |          0 |          1 |          0 |          1 |          0 |          1 |          0 |          0 |          0 |          0 |          0 |
| 206  |          0 |          7 |          0 |          0 |          0 |          0 |          0 |          1 |          0 |          1 |          0 |          1 |          0 |          1 |          0 |          0 |          0 |          0 |          0 |
| 207  |          0 |          7 |          0 |          1 |          0 |          0 |          0 |          1 |          0 |          1 |          0 |          1 |          0 |          1 |          0 |          0 |          0 |          0 |          0 |
| 208  |          0 |          7 |          0 |          1 |          0 |          0 |          0 |          1 |          0 |          1 |          0 |          1 |          0 |          1 |          0 |          0 |          0 |          0 |          0 |
| 209  |          0 |          7 |          0 |          1 |          0 |          0 |          0 |          1 |          0 |          1 |          0 |          1 |          0 |          1 |          0 |          0 |          0 |          0 |          0 |
| 210  |          0 |          7 |          0 |          1 |          0 |          0 |          0 |          1 |          0 |          1 |          0 |          1 |          0 |          1 |          0 |          0 |          0 |          0 |          0 |
| 211  |          0 |          7 |          0 |          1 |          0 |          0 |          0 |          1 |          0 |          1 |          0 |          1 |          0 |          1 |          0 |          0 |          0 |          0 |          0 |
| 212  |          0 |          7 |          0 |          1 |          0 |          0 |          0 |          1 |          0 |          1 |          0 |          1 |          0 |          1 |          0 |          0 |          0 |          0 |          0 |
| 213  |          0 |          7 |          0 |          1 |          0 |          0 |          0 |          1 |          0 |          1 |          0 |          1 |          0 |          1 |          0 |          0 |          0 |          0 |          0 |
| 214  |          0 |          7 |          0 |          1 |          0 |          0 |          0 |          1 |          0 |          1 |          0 |          1 |          0 |          1 |          0 |          0 |          0 |          0 |          0 |
| 215  |          0 |          7 |          0 |          1 |          0 |          0 |          0 |          1 |          0 |          1 |          0 |          1 |          0 |          1 |          0 |          0 |          0 |          0 |          0 |
| 216  |          0 |          7 |          0 |          1 |          0 |          0 |          0 |          1 |          0 |          1 |          0 |          1 |          0 |          1 |          0 |          0 |          0 |          0 |          0 |
| 217  |          0 |          7 |          0 |          1 |          0 |          0 |          0 |          1 |          0 |          1 |          0 |          1 |          0 |          1 |          0 |          0 |          0 |          0 |          0 |
| 218  |          0 |          8 |          0 |          1 |          0 |          0 |          0 |          1 |          0 |          1 |          0 |          1 |          0 |          1 |          0 |          0 |          0 |          0 |          0 |
| 219  |          0 |          8 |          0 |          1 |          0 |          0 |          0 |          1 |          0 |          1 |          0 |          1 |          0 |          1 |          0 |          0 |          0 |          0 |          0 |
| 220  |          0 |          8 |          0 |          1 |          0 |          0 |          0 |          1 |          0 |          1 |          0 |          1 |          0 |          1 |          0 |          0 |          0 |          0 |          0 |
| 221  |          0 |          8 |          0 |          1 |          0 |          0 |          0 |          1 |          0 |          1 |          0 |          1 |          0 |          1 |          0 |          0 |          0 |          0 |          0 |
| 222  |          0 |          8 |          0 |          1 |          0 |          0 |          0 |          1 |          0 |          1 |          0 |          1 |          0 |          1 |          0 |          0 |          0 |          0 |          0 |
| 223  |          0 |          8 |          0 |          1 |          0 |          0 |          0 |          1 |          0 |          1 |          0 |          1 |          0 |          1 |          0 |          0 |          0 |          0 |          0 |
| 224  |          0 |          8 |          0 |          1 |          0 |          0 |          0 |          1 |          0 |          1 |          0 |          1 |          0 |          1 |          0 |          0 |          0 |          0 |          0 |
| 225  |          0 |          8 |          0 |          1 |          0 |          0 |          0 |          1 |          0 |          1 |          0 |          1 |          0 |          1 |          0 |          0 |          0 |          0 |          0 |
| 226  |          0 |          8 |          0 |          1 |          0 |          0 |          0 |          1 |          0 |          1 |          0 |          1 |          0 |          1 |          0 |          0 |          0 |          0 |          0 |
| 227  |          0 |          8 |          0 |          1 |          0 |          0 |          0 |          1 |          0 |          1 |          0 |          1 |          0 |          1 |          0 |          0 |          0 |          0 |          0 |
| 228  |          0 |          8 |          0 |          1 |          0 |          0 |          0 |          1 |          0 |          1 |          0 |          1 |          0 |          1 |          0 |          0 |          0 |          0 |          0 |
| 229  |          0 |          8 |          0 |          1 |          0 |          0 |          0 |          1 |          0 |          1 |          0 |          1 |          0 |          1 |          0 |          0 |          0 |          0 |          0 |
| 230  |          0 |          8 |          0 |          1 |          0 |          0 |          0 |          1 |          0 |          1 |          0 |          1 |          0 |          1 |          0 |          0 |          0 |          0 |          0 |
| 231  |          0 |          8 |          0 |          1 |          0 |          0 |          0 |          1 |          0 |          1 |          0 |          1 |          0 |          1 |          0 |          0 |          0 |          0 |          0 |
| 232  |          0 |          8 |          0 |          1 |          0 |          0 |          0 |          1 |          0 |          1 |          0 |          1 |          0 |          1 |          0 |          0 |          0 |          0 |          0 |
| 233  |          0 |          8 |          0 |          1 |          0 |          0 |          0 |          1 |          0 |          1 |          0 |          1 |          0 |          1 |          0 |          0 |          0 |          0 |          0 |
| 234  |          0 |          8 |          0 |          1 |          0 |          0 |          0 |          1 |          0 |          1 |          0 |          1 |          0 |          1 |          0 |          0 |          0 |          0 |          0 |
| 235  |          0 |          8 |          0 |          1 |          0 |          0 |          0 |          1 |          0 |          1 |          0 |          1 |          0 |          1 |          0 |          0 |          0 |          0 |          0 |
| 236  |          0 |          8 |          0 |          1 |          0 |          0 |          0 |          1 |          0 |          1 |          0 |          1 |          0 |          1 |          0 |          0 |          0 |          0 |          0 |
| 237  |          0 |          8 |          0 |          1 |          0 |          0 |          0 |          1 |          0 |          1 |          0 |          1 |          0 |          1 |          0 |          0 |          0 |          0 |          0 |
| 238  |          0 |          8 |          0 |          1 |          0 |          0 |          0 |          1 |          0 |          1 |          0 |          1 |          0 |          1 |          0 |          0 |          0 |          0 |          0 |
| 239  |          0 |          8 |          0 |          1 |          0 |          0 |          0 |          1 |          0 |          1 |          0 |          1 |          0 |          1 |          0 |          0 |          0 |          0 |          0 |
| 240  |          0 |          8 |          0 |          1 |          0 |          0 |          0 |          1 |          0 |          1 |          0 |          1 |          0 |          1 |          0 |          0 |          0 |          0 |          0 |
| 241  |          0 |          8 |          0 |          1 |          0 |          0 |          0 |          1 |          0 |          1 |          0 |          1 |          0 |          1 |          0 |          0 |          0 |          0 |          0 |
| 242  |          0 |          8 |          0 |          1 |          0 |          0 |          0 |          1 |          0 |          1 |          0 |          1 |          0 |          1 |          0 |          0 |          0 |          0 |          0 |
| 243  |          0 |          8 |          0 |          1 |          0 |          0 |          0 |          1 |          0 |          1 |          0 |          1 |          0 |          1 |          0 |          0 |          0 |          0 |          0 |
| 244  |          0 |          8 |          0 |          1 |          0 |          0 |          0 |          1 |          0 |          1 |          0 |          1 |          0 |          1 |          0 |          0 |          0 |          0 |          0 |
| 245  |          0 |          8 |          0 |          1 |          0 |          0 |          0 |          1 |          0 |          1 |          0 |          1 |          0 |          1 |          0 |          0 |          0 |          0 |          0 |
| 246  |          0 |          8 |          0 |          1 |          0 |          0 |          0 |          1 |          0 |          1 |          0 |          1 |          0 |          1 |          0 |          0 |          0 |          0 |          0 |
| 247  |          0 |          8 |          0 |          1 |          0 |          0 |          0 |          1 |          0 |          1 |          0 |          1 |          0 |          1 |          0 |          0 |          0 |          0 |          0 |
| 248  |          0 |          8 |          0 |          1 |          0 |          0 |          0 |          1 |          0 |          1 |          0 |          1 |          0 |          1 |          0 |          0 |          0 |          0 |          0 |
| 249  |          0 |          8 |          0 |          1 |          0 |          0 |          0 |          1 |          0 |          1 |          0 |          1 |          0 |          1 |          0 |          0 |          0 |          0 |          0 |
| 250  |          0 |          8 |          0 |          1 |          0 |          0 |          0 |          1 |          0 |          1 |          0 |          1 |          0 |          1 |          0 |          0 |          0 |          0 |          0 |
| 251  |          0 |          8 |          0 |          1 |          0 |          0 |          0 |          1 |          0 |          1 |          0 |          1 |          0 |          1 |          0 |          0 |          0 |          0 |          0 |
| 252  |          0 |          8 |          0 |          1 |          0 |          0 |          0 |          1 |          0 |          1 |          0 |          1 |          0 |          1 |          0 |          0 |          0 |          0 |          0 |
| 253  |          0 |          8 |          0 |          1 |          0 |          0 |          0 |          1 |          0 |          1 |          0 |          1 |          0 |          1 |          0 |          0 |          0 |          0 |          0 |
| 254  |          0 |          8 |          0 |          1 |          0 |          0 |          0 |          1 |          0 |          1 |          0 |          1 |          0 |          1 |          0 |          0 |          0 |          0 |          0 |
| 255  |          0 |          8 |          0 |          1 |          0 |          0 |          0 |          1 |          0 |          1 |          0 |          1 |          0 |          1 |          0 |          0 |          0 |          0 |          0 |
| 256  |          0 |          8 |          0 |          1 |          0 |          0 |          0 |          1 |          0 |          1 |          0 |          1 |          0 |          1 |          0 |          0 |          0 |          0 |          0 |
| 257  |          0 |          8 |          0 |          1 |          0 |          0 |          0 |          1 |          0 |          1 |          0 |          1 |          0 |          1 |          0 |          0 |          0 |          0 |          0 |
| 258  |          0 |          8 |          0 |          1 |          0 |          0 |          0 |          1 |          0 |          1 |          0 |          1 |          0 |          1 |          0 |          0 |          0 |          0 |          0 |
| 259  |          0 |          8 |          0 |          1 |          0 |          0 |          0 |          1 |          0 |          1 |          0 |          1 |          0 |          1 |          0 |          0 |          0 |          0 |          0 |
| 260  |          0 |          8 |          0 |          1 |          0 |          0 |          0 |          1 |          0 |          1 |          0 |          1 |          0 |          1 |          0 |          0 |          0 |          0 |          0 |
| 261  |          0 |          8 |          0 |          1 |          0 |          0 |          0 |          1 |          0 |          1 |          0 |          1 |          0 |          1 |          0 |          0 |          0 |          0 |          0 |
| 262  |          1 |          8 |          0 |          1 |          0 |          0 |          0 |          1 |          0 |          1 |          0 |          1 |          0 |          1 |          0 |          0 |          0 |          0 |          0 |
| 263  |          1 |          8 |          0 |          1 |          0 |          0 |          0 |          1 |          0 |          1 |          0 |          1 |          0 |          1 |          0 |          0 |          0 |          0 |          0 |
| 264  |          1 |          8 |          0 |          1 |          0 |          0 |          0 |          1 |          0 |          1 |          0 |          1 |          0 |          1 |          0 |          0 |          0 |          0 |          0 |
| 265  |          1 |          8 |          0 |          1 |          0 |          0 |          0 |          1 |          0 |          1 |          0 |          1 |          0 |          1 |          0 |          0 |          0 |          0 |          0 |
| 266  |          1 |          8 |          0 |          1 |          0 |          0 |          0 |          1 |          0 |          1 |          0 |          1 |          0 |          1 |          0 |          0 |          0 |          0 |          0 |
| 267  |          1 |          8 |          0 |          1 |          0 |          0 |          0 |          1 |          0 |          1 |          0 |          1 |          0 |          1 |          0 |          0 |          0 |          0 |          0 |
| 268  |          1 |          8 |          0 |          1 |          0 |          0 |          0 |          1 |          0 |          1 |          0 |          1 |          0 |          1 |          0 |          0 |          0 |          0 |          0 |
| 269  |          1 |          8 |          0 |          1 |          0 |          0 |          0 |          1 |          0 |          1 |          0 |          1 |          0 |          1 |          0 |          0 |          0 |          0 |          0 |
| 270  |          1 |          8 |          0 |          1 |          0 |          0 |          0 |          1 |          0 |          1 |          0 |          1 |          0 |          1 |          0 |          0 |          0 |          0 |          0 |
| 271  |          1 |          8 |          0 |          1 |          0 |          0 |          0 |          1 |          0 |          1 |          0 |          1 |          0 |          1 |          0 |          0 |          0 |          0 |          0 |
| 272  |          1 |          8 |          0 |          1 |          0 |          0 |          0 |          1 |          0 |          1 |          0 |          1 |          0 |          1 |          0 |          0 |          0 |          0 |          0 |
| 273  |          1 |          8 |          0 |          1 |          0 |          0 |          0 |          1 |          0 |          1 |          0 |          1 |          0 |          1 |          0 |          0 |          0 |          0 |          0 |
| 274  |          1 |          8 |          1 |          1 |          0 |          0 |          0 |          1 |          0 |          1 |          0 |          1 |          0 |          1 |          0 |          0 |          0 |          0 |          0 |
| 275  |          1 |          8 |          1 |          1 |          0 |          0 |          0 |          1 |          0 |          1 |          0 |          1 |          0 |          1 |          0 |          0 |          0 |          0 |          0 |
| 276  |          1 |          8 |          1 |          1 |          0 |          0 |          0 |          1 |          0 |          1 |          0 |          1 |          0 |          1 |          0 |          0 |          0 |          0 |          0 |
| 277  |          1 |          8 |          1 |          1 |          0 |          0 |          0 |          1 |          0 |          1 |          0 |          1 |          0 |          1 |          0 |          0 |          0 |          0 |          0 |
| 278  |          1 |          2 |          1 |          1 |          0 |          0 |          0 |          1 |          0 |          1 |          0 |          1 |          0 |          1 |          0 |          0 |          0 |          0 |          0 |
| 279  |          1 |          2 |          1 |          1 |          0 |          0 |          0 |          1 |          0 |          1 |          0 |          1 |          0 |          1 |          0 |          0 |          0 |          0 |          0 |
| 280  |          1 |          2 |          1 |          1 |          0 |          0 |          0 |          1 |          0 |          1 |          0 |          1 |          0 |          1 |          0 |          0 |          0 |          0 |          0 |
| 281  |          1 |          2 |          1 |          1 |          0 |          0 |          0 |          1 |          0 |          1 |          0 |          1 |          0 |          1 |          0 |          0 |          0 |          0 |          0 |
| 282  |          1 |          2 |          1 |          1 |          0 |          0 |          0 |          1 |          0 |          1 |          0 |          1 |          0 |          1 |          0 |          0 |          0 |          0 |          0 |
| 283  |          1 |          2 |          1 |          1 |          0 |          0 |          0 |          1 |          0 |          1 |          0 |          1 |          0 |          1 |          0 |          0 |          0 |          0 |          0 |
| 284  |          1 |          2 |          1 |          1 |          0 |          0 |          0 |          1 |          0 |          1 |          0 |          1 |          0 |          1 |          0 |          0 |          0 |          0 |          0 |
| 285  |          1 |          2 |          1 |          1 |          0 |          0 |          0 |          1 |          0 |          1 |          0 |          1 |          0 |          1 |          0 |          0 |          0 |          0 |          0 |
| 286  |          1 |          2 |          1 |          1 |          0 |          0 |          0 |          1 |          0 |          1 |          0 |          1 |          0 |          1 |          0 |          0 |          0 |          0 |          0 |
| 287  |          1 |          2 |          1 |          1 |          0 |          0 |          0 |          1 |          0 |          1 |          0 |          1 |          0 |          1 |          0 |          0 |          0 |          0 |          0 |
| 288  |          1 |          2 |          1 |          1 |          0 |          0 |          0 |          1 |          0 |          1 |          0 |          1 |          0 |          1 |          0 |          0 |          0 |          0 |          0 |
| 289  |          1 |          2 |          1 |          1 |          0 |          0 |          0 |          1 |          0 |          1 |          0 |          1 |          0 |          1 |          0 |          0 |          0 |          0 |          0 |
| 290  |          1 |          2 |          1 |          1 |          0 |          0 |          0 |          1 |          0 |          1 |          0 |          1 |          0 |          1 |          0 |          0 |          0 |          0 |          0 |
| 291  |          1 |          2 |          1 |          0 |          0 |          0 |          0 |          1 |          0 |          1 |          0 |          1 |          0 |          1 |          0 |          0 |          0 |          0 |          0 |
| 292  |          1 |          2 |          1 |          0 |          0 |          0 |          0 |          1 |          0 |          1 |          0 |          1 |          0 |          1 |          0 |          0 |          0 |          0 |          0 |
| 293  |          1 |          2 |          1 |          0 |          0 |          0 |          0 |          1 |          0 |          1 |          0 |          1 |          0 |          1 |          0 |          0 |          0 |          0 |          0 |
| 294  |          1 |          2 |          1 |          0 |          0 |          0 |          0 |          1 |          0 |          1 |          0 |          1 |          0 |          1 |          0 |          0 |          0 |          0 |          0 |
| 295  |          1 |          2 |          1 |          0 |          0 |          0 |          0 |          1 |          0 |          1 |          0 |          1 |          0 |          1 |          0 |          0 |          0 |          0 |          0 |
| 296  |          1 |          2 |          1 |          0 |          0 |          0 |          0 |          1 |          0 |          1 |          0 |          1 |          0 |          1 |          0 |          0 |          0 |          0 |          0 |
| 297  |          1 |          2 |          1 |          0 |          0 |          0 |          0 |          1 |          0 |          1 |          0 |          1 |          0 |          1 |          0 |          0 |          0 |          0 |          0 |
| 298  |          1 |          2 |          1 |          0 |          0 |          0 |          0 |          1 |          0 |          1 |          0 |          1 |          0 |          1 |          0 |          0 |          0 |          0 |          0 |
| 299  |          1 |          2 |          1 |          0 |          0 |          0 |          0 |          1 |          0 |          1 |          0 |          1 |          0 |          1 |          0 |          0 |          0 |          0 |          0 |
| 300  |          1 |          2 |          1 |          0 |          0 |          0 |          0 |          1 |          0 |          1 |          0 |          1 |          0 |          1 |          0 |          0 |          0 |          0 |          0 |
| 301  |          1 |          2 |          1 |          0 |          0 |          0 |          0 |          1 |          0 |          1 |          0 |          1 |          0 |          1 |          0 |          0 |          0 |          0 |          0 |
| 302  |          1 |          2 |          1 |          0 |          0 |          0 |          0 |          1 |          0 |          1 |          0 |          1 |          0 |          1 |          0 |          0 |          0 |          0 |          0 |
| 303  |          1 |          2 |          1 |          0 |          0 |          0 |          0 |          1 |          0 |          1 |          0 |          1 |          0 |          1 |          0 |          0 |          0 |          0 |          0 |
| 304  |          1 |          2 |          2 |          0 |          0 |          0 |          0 |          1 |          0 |          1 |          0 |          1 |          0 |          1 |          0 |          0 |          0 |          0 |          0 |
| 305  |          1 |          2 |          2 |          0 |          0 |          0 |          0 |          1 |          0 |          1 |          0 |          1 |          0 |          1 |          0 |          0 |          0 |          0 |          0 |
| 306  |          1 |          3 |          2 |          0 |          0 |          0 |          0 |          1 |          0 |          1 |          0 |          1 |          0 |          1 |          0 |          0 |          0 |          0 |          0 |
| 307  |          1 |          3 |          2 |          0 |          0 |          0 |          0 |          1 |          0 |          1 |          0 |          1 |          0 |          1 |          0 |          0 |          0 |          0 |          0 |
| 308  |          1 |          3 |          2 |          0 |          0 |          0 |          0 |          1 |          0 |          1 |          0 |          1 |          0 |          1 |          0 |          0 |          0 |          0 |          0 |
| 309  |          1 |          3 |          2 |          0 |          0 |          0 |          0 |          1 |          0 |          1 |          0 |          1 |          0 |          1 |          0 |          0 |          0 |          0 |          0 |
| 310  |          1 |          3 |          2 |          0 |          0 |          0 |          0 |          1 |          0 |          1 |          0 |          1 |          0 |          1 |          0 |          0 |          0 |          0 |          0 |
| 311  |          1 |          3 |          2 |          0 |          0 |          0 |          0 |          1 |          0 |          1 |          0 |          1 |          0 |          1 |          0 |          0 |          0 |          0 |          0 |
| 312  |          1 |          3 |          2 |          0 |          0 |          0 |          0 |          1 |          0 |          1 |          0 |          1 |          0 |          1 |          0 |          0 |          0 |          0 |          0 |
| 313  |          1 |          3 |          2 |          0 |          0 |          0 |          0 |          1 |          0 |          1 |          0 |          1 |          0 |          1 |          0 |          0 |          0 |          0 |          0 |
| 314  |          1 |          3 |          2 |          0 |          0 |          0 |          0 |          1 |          0 |          1 |          0 |          1 |          0 |          1 |          0 |          0 |          0 |          0 |          0 |
| 315  |          1 |          3 |          2 |          0 |          0 |          0 |          0 |          1 |          0 |          1 |          0 |          1 |          0 |          1 |          0 |          0 |          0 |          0 |          0 |
| 316  |          1 |          3 |          2 |          0 |          0 |          0 |          0 |          1 |          0 |          1 |          0 |          1 |          0 |          1 |          0 |          0 |          0 |          0 |          0 |
| 317  |          1 |          3 |          2 |          0 |          0 |          0 |          0 |          1 |          0 |          1 |          0 |          1 |          0 |          1 |          0 |          0 |          0 |          0 |          0 |
| 318  |          1 |          3 |          2 |          0 |          0 |          0 |          0 |          1 |          0 |          1 |          0 |          1 |          0 |          1 |          0 |          0 |          0 |          0 |          0 |
| 319  |          1 |          3 |          2 |          0 |          0 |          0 |          0 |          1 |          0 |          1 |          0 |          1 |          0 |          1 |          0 |          0 |          0 |          0 |          0 |
| 320  |          1 |          3 |          2 |          0 |          0 |          0 |          0 |          1 |          0 |          1 |          0 |          1 |          0 |          1 |          0 |          0 |          0 |          0 |          0 |
| 321  |          1 |          3 |          2 |          1 |          0 |          0 |          0 |          1 |          0 |          1 |          0 |          1 |          0 |          1 |          0 |          0 |          0 |          0 |          0 |
| 322  |          1 |          3 |          2 |          1 |          0 |          0 |          0 |          1 |          0 |          1 |          0 |          1 |          0 |          1 |          0 |          0 |          0 |          0 |          0 |
| 323  |          1 |          3 |          2 |          1 |          0 |          0 |          0 |          1 |          0 |          1 |          0 |          1 |          0 |          1 |          0 |          0 |          0 |          0 |          0 |
| 324  |          1 |          3 |          2 |          1 |          0 |          0 |          0 |          1 |          0 |          1 |          0 |          1 |          0 |          1 |          0 |          0 |          0 |          0 |          0 |
| 325  |          1 |          3 |          2 |          1 |          0 |          0 |          0 |          1 |          0 |          1 |          0 |          1 |          0 |          1 |          0 |          0 |          0 |          0 |          0 |
| 326  |          1 |          3 |          2 |          1 |          0 |          0 |          0 |          1 |          0 |          1 |          0 |          1 |          0 |          1 |          0 |          0 |          0 |          0 |          0 |
| 327  |          1 |          3 |          2 |          1 |          0 |          0 |          0 |          1 |          0 |          1 |          0 |          1 |          0 |          1 |          0 |          0 |          0 |          0 |          0 |
| 328  |          1 |          3 |          2 |          1 |          0 |          0 |          0 |          1 |          0 |          1 |          0 |          1 |          0 |          1 |          0 |          0 |          0 |          0 |          0 |
| 329  |          1 |          3 |          2 |          1 |          0 |          0 |          0 |          1 |          0 |          1 |          0 |          1 |          0 |          1 |          0 |          0 |          0 |          0 |          0 |
| 330  |          1 |          3 |          2 |          1 |          0 |          0 |          0 |          1 |          0 |          1 |          0 |          1 |          0 |          1 |          0 |          0 |          0 |          0 |          0 |
| 331  |          1 |          3 |          2 |          1 |          0 |          0 |          0 |          1 |          0 |          1 |          0 |          1 |          0 |          1 |          0 |          0 |          0 |          0 |          0 |
| 332  |          1 |          4 |          2 |          1 |          0 |          0 |          0 |          1 |          0 |          1 |          0 |          1 |          0 |          1 |          0 |          0 |          0 |          0 |          0 |
| 333  |          1 |          4 |          2 |          1 |          0 |          0 |          0 |          1 |          0 |          1 |          0 |          1 |          0 |          1 |          0 |          0 |          0 |          0 |          0 |
| 334  |          1 |          4 |          2 |          1 |          0 |          0 |          0 |          1 |          0 |          1 |          0 |          1 |          0 |          1 |          0 |          0 |          0 |          0 |          0 |
| 335  |          1 |          4 |          2 |          1 |          0 |          0 |          0 |          1 |          0 |          1 |          0 |          1 |          0 |          1 |          0 |          0 |          0 |          0 |          0 |
| 336  |          1 |          4 |          2 |          1 |          0 |          0 |          0 |          1 |          0 |          1 |          0 |          1 |          0 |          1 |          0 |          0 |          0 |          0 |          0 |
| 337  |          1 |          4 |          2 |          1 |          0 |          0 |          0 |          1 |          0 |          1 |          0 |          1 |          0 |          1 |          0 |          0 |          0 |          0 |          0 |
| 338  |          1 |          4 |          2 |          1 |          0 |          0 |          0 |          1 |          0 |          1 |          0 |          1 |          0 |          1 |          0 |          0 |          0 |          0 |          0 |
| 339  |          1 |          4 |          2 |          1 |          0 |          0 |          0 |          1 |          0 |          1 |          0 |          1 |          0 |          1 |          0 |          0 |          0 |          0 |          0 |
| 340  |          1 |          4 |          2 |          1 |          0 |          0 |          0 |          1 |          0 |          1 |          0 |          1 |          0 |          1 |          0 |          0 |          0 |          0 |          0 |
| 341  |          1 |          4 |          2 |          1 |          0 |          0 |          0 |          1 |          0 |          1 |          0 |          1 |          0 |          1 |          0 |          0 |          0 |          0 |          0 |
| 342  |          1 |          4 |          2 |          1 |          0 |          0 |          0 |          1 |          0 |          1 |          0 |          1 |          0 |          1 |          0 |          0 |          0 |          0 |          0 |
| 343  |          1 |          4 |          2 |          1 |          0 |          0 |          0 |          1 |          0 |          1 |          0 |          1 |          0 |          1 |          0 |          0 |          0 |          0 |          0 |
| 344  |          1 |          4 |          2 |          1 |          0 |          0 |          0 |          1 |          0 |          1 |          0 |          1 |          0 |          1 |          0 |          0 |          0 |          0 |          0 |
| 345  |          1 |          4 |          2 |          1 |          0 |          0 |          0 |          1 |          0 |          1 |          0 |          1 |          0 |          1 |          0 |          0 |          0 |          0 |          0 |
| 346  |          1 |          4 |          2 |          1 |          0 |          0 |          0 |          1 |          0 |          1 |          0 |          1 |          0 |          1 |          0 |          0 |          0 |          0 |          0 |
| 347  |          1 |          4 |          2 |          0 |          0 |          0 |          0 |          1 |          0 |          1 |          0 |          1 |          0 |          1 |          0 |          0 |          0 |          0 |          0 |
| 348  |          1 |          4 |          2 |          0 |          0 |          0 |          0 |          1 |          0 |          1 |          0 |          1 |          0 |          1 |          0 |          0 |          0 |          0 |          0 |
| 349  |          1 |          4 |          2 |          0 |          0 |          0 |          0 |          1 |          0 |          1 |          0 |          1 |          0 |          1 |          0 |          0 |          0 |          0 |          0 |
| 350  |          1 |          4 |          2 |          0 |          0 |          0 |          0 |          1 |          0 |          1 |          0 |          1 |          0 |          1 |          0 |          0 |          0 |          0 |          0 |
| 351  |          1 |          4 |          2 |          0 |          0 |          0 |          0 |          1 |          0 |          1 |          0 |          1 |          0 |          1 |          0 |          0 |          0 |          0 |          0 |
| 352  |          1 |          4 |          2 |          0 |          0 |          0 |          0 |          1 |          0 |          1 |          0 |          1 |          0 |          1 |          0 |          0 |          0 |          0 |          0 |
| 353  |          1 |          4 |          2 |          0 |          0 |          0 |          0 |          1 |          0 |          1 |          0 |          1 |          0 |          1 |          0 |          0 |          0 |          0 |          0 |
| 354  |          1 |          4 |          2 |          0 |          0 |          0 |          0 |          1 |          0 |          1 |          0 |          1 |          0 |          1 |          0 |          0 |          0 |          0 |          0 |
| 355  |          1 |          4 |          2 |          0 |          0 |          0 |          0 |          1 |          0 |          1 |          0 |          1 |          0 |          1 |          0 |          0 |          0 |          0 |          0 |
| 356  |          1 |          4 |          2 |          0 |          0 |          0 |          0 |          1 |          0 |          1 |          0 |          1 |          0 |          1 |          0 |          0 |          0 |          0 |          0 |
| 357  |          1 |          4 |          2 |          0 |          0 |          0 |          0 |          1 |          0 |          1 |          0 |          1 |          0 |          1 |          0 |          0 |          0 |          0 |          0 |
| 358  |          1 |          5 |          2 |          0 |          0 |          0 |          0 |          1 |          0 |          1 |          0 |          1 |          0 |          1 |          0 |          0 |          0 |          0 |          0 |
| 359  |          1 |          5 |          2 |          0 |          0 |          0 |          0 |          1 |          0 |          1 |          0 |          1 |          0 |          1 |          0 |          0 |          0 |          0 |          0 |
| 360  |          1 |          5 |          2 |          0 |          0 |          0 |          0 |          1 |          0 |          1 |          0 |          1 |          0 |          1 |          0 |          0 |          0 |          0 |          0 |
| 361  |          1 |          5 |          2 |          0 |          0 |          0 |          0 |          1 |          0 |          1 |          0 |          1 |          0 |          1 |          0 |          0 |          0 |          0 |          0 |
| 362  |          1 |          5 |          2 |          0 |          0 |          0 |          0 |          1 |          0 |          1 |          0 |          1 |          0 |          1 |          0 |          0 |          0 |          0 |          0 |
| 363  |          1 |          5 |          2 |          0 |          0 |          0 |          0 |          1 |          0 |          1 |          0 |          1 |          0 |          1 |          0 |          0 |          0 |          0 |          0 |
| 364  |          1 |          5 |          2 |          0 |          0 |          0 |          0 |          1 |          0 |          1 |          0 |          1 |          0 |          1 |          0 |          0 |          0 |          0 |          0 |
| 365  |          1 |          5 |          2 |          0 |          0 |          0 |          0 |          1 |          0 |          1 |          0 |          1 |          0 |          1 |          0 |          0 |          0 |          0 |          0 |
| 366  |          1 |          5 |          2 |          0 |          0 |          0 |          0 |          1 |          0 |          1 |          0 |          1 |          0 |          1 |          0 |          0 |          0 |          0 |          0 |
| 367  |          1 |          5 |          2 |          0 |          0 |          0 |          0 |          1 |          0 |          1 |          0 |          1 |          0 |          1 |          0 |          0 |          0 |          0 |          0 |
| 368  |          1 |          5 |          2 |          0 |          0 |          0 |          0 |          1 |          0 |          1 |          0 |          1 |          0 |          1 |          0 |          0 |          0 |          0 |          0 |
| 369  |          1 |          5 |          2 |          0 |          0 |          0 |          0 |          1 |          0 |          1 |          0 |          1 |          0 |          1 |          0 |          0 |          0 |          0 |          0 |
| 370  |          1 |          5 |          2 |          0 |          0 |          0 |          0 |          1 |          0 |          1 |          0 |          1 |          0 |          1 |          0 |          0 |          0 |          0 |          0 |
| 371  |          1 |          5 |          2 |          0 |          0 |          0 |          0 |          1 |          0 |          1 |          0 |          1 |          0 |          1 |          0 |          0 |          0 |          0 |          0 |
| 372  |          1 |          5 |          2 |          0 |          0 |          0 |          0 |          1 |          0 |          1 |          0 |          1 |          0 |          1 |          0 |          0 |          0 |          0 |          0 |
| 373  |          1 |          5 |          2 |          1 |          0 |          0 |          0 |          1 |          0 |          1 |          0 |          1 |          0 |          1 |          0 |          0 |          0 |          0 |          0 |
| 374  |          1 |          5 |          2 |          1 |          0 |          0 |          0 |          1 |          0 |          1 |          0 |          1 |          0 |          1 |          0 |          0 |          0 |          0 |          0 |
| 375  |          1 |          5 |          2 |          1 |          0 |          0 |          0 |          1 |          0 |          1 |          0 |          1 |          0 |          1 |          0 |          0 |          0 |          0 |          0 |
| 376  |          1 |          5 |          2 |          1 |          0 |          0 |          0 |          1 |          0 |          1 |          0 |          1 |          0 |          1 |          0 |          0 |          0 |          0 |          0 |
| 377  |          1 |          5 |          2 |          1 |          0 |          0 |          0 |          1 |          0 |          1 |          0 |          1 |          0 |          1 |          0 |          0 |          0 |          0 |          0 |
| 378  |          1 |          5 |          2 |          1 |          0 |          0 |          0 |          1 |          0 |          1 |          0 |          1 |          0 |          1 |          0 |          0 |          0 |          0 |          0 |
| 379  |          1 |          5 |          2 |          1 |          0 |          0 |          0 |          1 |          0 |          1 |          0 |          1 |          0 |          1 |          0 |          0 |          0 |          0 |          0 |
| 380  |          1 |          5 |          2 |          1 |          0 |          0 |          0 |          1 |          0 |          1 |          0 |          1 |          0 |          1 |          0 |          0 |          0 |          0 |          0 |
| 381  |          1 |          5 |          2 |          1 |          0 |          0 |          0 |          1 |          0 |          1 |          0 |          1 |          0 |          1 |          0 |          0 |          0 |          0 |          0 |
| 382  |          1 |          5 |          2 |          1 |          0 |          0 |          0 |          1 |          0 |          1 |          0 |          1 |          0 |          1 |          0 |          0 |          0 |          0 |          0 |
| 383  |          1 |          5 |          2 |          1 |          0 |          0 |          0 |          1 |          0 |          1 |          0 |          1 |          0 |          1 |          0 |          0 |          0 |          0 |          0 |
| 384  |          1 |          6 |          2 |          1 |          0 |          0 |          0 |          1 |          0 |          1 |          0 |          1 |          0 |          1 |          0 |          0 |          0 |          0 |          0 |
| 385  |          1 |          6 |          2 |          1 |          0 |          0 |          0 |          1 |          0 |          1 |          0 |          1 |          0 |          1 |          0 |          0 |          0 |          0 |          0 |
| 386  |          1 |          6 |          2 |          1 |          0 |          0 |          0 |          1 |          0 |          1 |          0 |          1 |          0 |          1 |          0 |          0 |          0 |          0 |          0 |
| 387  |          1 |          6 |          2 |          1 |          0 |          0 |          0 |          1 |          0 |          1 |          0 |          1 |          0 |          1 |          0 |          0 |          0 |          0 |          0 |
| 388  |          1 |          6 |          2 |          1 |          0 |          0 |          0 |          1 |          0 |          1 |          0 |          1 |          0 |          1 |          0 |          0 |          0 |          0 |          0 |
| 389  |          1 |          6 |          2 |          1 |          0 |          0 |          0 |          1 |          0 |          1 |          0 |          1 |          0 |          1 |          0 |          0 |          0 |          0 |          0 |
| 390  |          1 |          6 |          2 |          1 |          0 |          0 |          0 |          1 |          0 |          1 |          0 |          1 |          0 |          1 |          0 |          0 |          0 |          0 |          0 |
| 391  |          1 |          6 |          2 |          1 |          0 |          0 |          0 |          1 |          0 |          1 |          0 |          1 |          0 |          1 |          0 |          0 |          0 |          0 |          0 |
| 392  |          1 |          6 |          2 |          1 |          0 |          0 |          0 |          1 |          0 |          1 |          0 |          1 |          0 |          1 |          0 |          0 |          0 |          0 |          0 |
| 393  |          1 |          6 |          2 |          1 |          0 |          0 |          0 |          1 |          0 |          1 |          0 |          1 |          0 |          1 |          0 |          0 |          0 |          0 |          0 |
| 394  |          1 |          6 |          2 |          1 |          0 |          0 |          0 |          1 |          0 |          1 |          0 |          1 |          0 |          1 |          0 |          0 |          0 |          0 |          0 |
| 395  |          1 |          6 |          2 |          1 |          0 |          0 |          0 |          1 |          0 |          1 |          0 |          1 |          0 |          1 |          0 |          0 |          0 |          0 |          0 |
| 396  |          1 |          6 |          2 |          1 |          0 |          0 |          0 |          1 |          0 |          1 |          0 |          1 |          0 |          1 |          0 |          0 |          0 |          0 |          0 |
| 397  |          1 |          6 |          2 |          1 |          0 |          0 |          0 |          1 |          0 |          1 |          0 |          1 |          0 |          1 |          0 |          0 |          0 |          0 |          0 |
| 398  |          1 |          6 |          2 |          1 |          0 |          0 |          0 |          1 |          0 |          1 |          0 |          1 |          0 |          1 |          0 |          0 |          0 |          0 |          0 |
| 399  |          1 |          6 |          2 |          0 |          0 |          0 |          0 |          1 |          0 |          1 |          0 |          1 |          0 |          1 |          0 |          0 |          0 |          0 |          0 |
| 400  |          1 |          6 |          2 |          0 |          0 |          0 |          0 |          1 |          0 |          1 |          0 |          1 |          0 |          1 |          0 |          0 |          0 |          0 |          0 |
| 401  |          1 |          6 |          2 |          0 |          0 |          0 |          0 |          1 |          0 |          1 |          0 |          1 |          0 |          1 |          0 |          0 |          0 |          0 |          0 |
| 402  |          1 |          6 |          2 |          0 |          0 |          0 |          0 |          1 |          0 |          1 |          0 |          1 |          0 |          1 |          0 |          0 |          0 |          0 |          0 |
| 403  |          1 |          6 |          2 |          0 |          0 |          0 |          0 |          1 |          0 |          1 |          0 |          1 |          0 |          1 |          0 |          0 |          0 |          0 |          0 |
| 404  |          1 |          6 |          2 |          0 |          0 |          0 |          0 |          1 |          0 |          1 |          0 |          1 |          0 |          1 |          0 |          0 |          0 |          0 |          0 |
| 405  |          1 |          6 |          2 |          0 |          0 |          0 |          0 |          1 |          0 |          1 |          0 |          1 |          0 |          1 |          0 |          0 |          0 |          0 |          0 |
| 406  |          1 |          6 |          2 |          0 |          0 |          0 |          0 |          1 |          0 |          1 |          0 |          1 |          0 |          1 |          0 |          0 |          0 |          0 |          0 |
| 407  |          1 |          6 |          2 |          0 |          0 |          0 |          0 |          1 |          0 |          1 |          0 |          1 |          0 |          1 |          0 |          0 |          0 |          0 |          0 |
| 408  |          1 |          6 |          2 |          0 |          0 |          0 |          0 |          1 |          0 |          1 |          0 |          1 |          0 |          1 |          0 |          0 |          0 |          0 |          0 |
| 409  |          1 |          6 |          2 |          0 |          0 |          0 |          0 |          1 |          0 |          1 |          0 |          1 |          0 |          1 |          0 |          0 |          0 |          0 |          0 |
| 410  |          1 |          7 |          2 |          0 |          0 |          0 |          0 |          1 |          0 |          1 |          0 |          1 |          0 |          1 |          0 |          0 |          0 |          0 |          0 |
| 411  |          1 |          7 |          2 |          0 |          0 |          0 |          0 |          1 |          0 |          1 |          0 |          1 |          0 |          1 |          0 |          0 |          0 |          0 |          0 |
| 412  |          1 |          7 |          2 |          0 |          0 |          0 |          0 |          1 |          0 |          1 |          0 |          1 |          0 |          1 |          0 |          0 |          0 |          0 |          0 |
| 413  |          1 |          7 |          2 |          0 |          0 |          0 |          0 |          1 |          0 |          1 |          0 |          1 |          0 |          1 |          0 |          0 |          0 |          0 |          0 |
| 414  |          1 |          7 |          2 |          0 |          0 |          0 |          0 |          1 |          0 |          1 |          0 |          1 |          0 |          1 |          0 |          0 |          0 |          0 |          0 |
| 415  |          1 |          7 |          2 |          0 |          0 |          0 |          0 |          1 |          0 |          1 |          0 |          1 |          0 |          1 |          0 |          0 |          0 |          0 |          0 |
| 416  |          1 |          7 |          2 |          0 |          0 |          0 |          0 |          1 |          0 |          1 |          0 |          1 |          0 |          1 |          0 |          0 |          0 |          0 |          0 |
| 417  |          1 |          7 |          2 |          0 |          0 |          0 |          0 |          1 |          0 |          1 |          0 |          1 |          0 |          1 |          0 |          0 |          0 |          0 |          0 |
| 418  |          1 |          7 |          2 |          0 |          0 |          0 |          0 |          1 |          0 |          1 |          0 |          1 |          0 |          1 |          0 |          0 |          0 |          0 |          0 |
| 419  |          1 |          7 |          2 |          0 |          0 |          0 |          0 |          1 |          0 |          1 |          0 |          1 |          0 |          1 |          0 |          0 |          0 |          0 |          0 |
| 420  |          1 |          7 |          2 |          0 |          0 |          0 |          0 |          1 |          0 |          1 |          0 |          1 |          0 |          1 |          0 |          0 |          0 |          0 |          0 |
| 421  |          1 |          7 |          2 |          0 |          0 |          0 |          0 |          1 |          0 |          1 |          0 |          1 |          0 |          1 |          0 |          0 |          0 |          0 |          0 |
| 422  |          1 |          7 |          2 |          0 |          0 |          0 |          0 |          1 |          0 |          1 |          0 |          1 |          0 |          1 |          0 |          0 |          0 |          0 |          0 |
| 423  |          1 |          7 |          2 |          0 |          0 |          0 |          0 |          1 |          0 |          1 |          0 |          1 |          0 |          1 |          0 |          0 |          0 |          0 |          0 |
| 424  |          1 |          7 |          2 |          0 |          0 |          0 |          0 |          1 |          0 |          1 |          0 |          1 |          0 |          1 |          0 |          0 |          0 |          0 |          0 |
| 425  |          1 |          7 |          2 |          1 |          0 |          0 |          0 |          1 |          0 |          1 |          0 |          1 |          0 |          1 |          0 |          0 |          0 |          0 |          0 |
| 426  |          1 |          7 |          2 |          1 |          0 |          0 |          0 |          1 |          0 |          1 |          0 |          1 |          0 |          1 |          0 |          0 |          0 |          0 |          0 |
| 427  |          1 |          7 |          2 |          1 |          0 |          0 |          0 |          1 |          0 |          1 |          0 |          1 |          0 |          1 |          0 |          0 |          0 |          0 |          0 |
| 428  |          1 |          7 |          2 |          1 |          0 |          0 |          0 |          1 |          0 |          1 |          0 |          1 |          0 |          1 |          0 |          0 |          0 |          0 |          0 |
| 429  |          1 |          7 |          2 |          1 |          0 |          0 |          0 |          1 |          0 |          1 |          0 |          1 |          0 |          1 |          0 |          0 |          0 |          0 |          0 |
| 430  |          1 |          7 |          2 |          1 |          0 |          0 |          0 |          1 |          0 |          1 |          0 |          1 |          0 |          1 |          0 |          0 |          0 |          0 |          0 |
| 431  |          1 |          7 |          2 |          1 |          0 |          0 |          0 |          1 |          0 |          1 |          0 |          1 |          0 |          1 |          0 |          0 |          0 |          0 |          0 |
| 432  |          1 |          7 |          2 |          1 |          0 |          0 |          0 |          1 |          0 |          1 |          0 |          1 |          0 |          1 |          0 |          0 |          0 |          0 |          0 |
| 433  |          1 |          7 |          2 |          1 |          0 |          0 |          0 |          1 |          0 |          1 |          0 |          1 |          0 |          1 |          0 |          0 |          0 |          0 |          0 |
| 434  |          1 |          7 |          2 |          1 |          0 |          0 |          0 |          1 |          0 |          1 |          0 |          1 |          0 |          1 |          0 |          0 |          0 |          0 |          0 |
| 435  |          1 |          7 |          2 |          1 |          0 |          0 |          0 |          1 |          0 |          1 |          0 |          1 |          0 |          1 |          0 |          0 |          0 |          0 |          0 |
| 436  |          1 |          8 |          2 |          1 |          0 |          0 |          0 |          1 |          0 |          1 |          0 |          1 |          0 |          1 |          0 |          0 |          0 |          0 |          0 |
| 437  |          1 |          8 |          2 |          1 |          0 |          0 |          0 |          1 |          0 |          1 |          0 |          1 |          0 |          1 |          0 |          0 |          0 |          0 |          0 |
| 438  |          1 |          8 |          2 |          1 |          0 |          0 |          0 |          1 |          0 |          1 |          0 |          1 |          0 |          1 |          0 |          0 |          0 |          0 |          0 |
| 439  |          1 |          8 |          2 |          1 |          0 |          0 |          0 |          1 |          0 |          1 |          0 |          1 |          0 |          1 |          0 |          0 |          0 |          0 |          0 |
| 440  |          1 |          8 |          2 |          1 |          0 |          0 |          0 |          1 |          0 |          1 |          0 |          1 |          0 |          1 |          0 |          0 |          0 |          0 |          0 |
| 441  |          1 |          8 |          2 |          1 |          0 |          0 |          0 |          1 |          0 |          1 |          0 |          1 |          0 |          1 |          0 |          0 |          0 |          0 |          0 |
| 442  |          1 |          8 |          2 |          1 |          0 |          0 |          0 |          1 |          0 |          1 |          0 |          1 |          0 |          1 |          0 |          0 |          0 |          0 |          0 |
| 443  |          1 |          8 |          2 |          1 |          0 |          0 |          0 |          1 |          0 |          1 |          0 |          1 |          0 |          1 |          0 |          0 |          0 |          0 |          0 |
| 444  |          1 |          8 |          2 |          1 |          0 |          0 |          0 |          1 |          0 |          1 |          0 |          1 |          0 |          1 |          0 |          0 |          0 |          0 |          0 |
| 445  |          1 |          8 |          2 |          1 |          0 |          0 |          0 |          1 |          0 |          1 |          0 |          1 |          0 |          1 |          0 |          0 |          0 |          0 |          0 |
| 446  |          1 |          8 |          2 |          1 |          0 |          0 |          0 |          1 |          0 |          1 |          0 |          1 |          0 |          1 |          0 |          0 |          0 |          0 |          0 |
| 447  |          1 |          8 |          2 |          1 |          0 |          0 |          0 |          1 |          0 |          1 |          0 |          1 |          0 |          1 |          0 |          0 |          0 |          0 |          0 |
| 448  |          1 |          8 |          2 |          1 |          0 |          0 |          0 |          1 |          0 |          1 |          0 |          1 |          0 |          1 |          0 |          0 |          0 |          0 |          0 |
| 449  |          1 |          8 |          2 |          1 |          0 |          0 |          0 |          1 |          0 |          1 |          0 |          1 |          0 |          1 |          0 |          0 |          0 |          0 |          0 |
| 450  |          1 |          8 |          2 |          1 |          0 |          0 |          0 |          1 |          0 |          1 |          0 |          1 |          0 |          1 |          0 |          0 |          0 |          0 |          0 |
| 451  |          1 |          8 |          2 |          1 |          1 |          0 |          0 |          1 |          0 |          1 |          0 |          1 |          0 |          1 |          0 |          0 |          0 |          0 |          0 |
| 452  |          1 |          8 |          2 |          1 |          1 |          0 |          0 |          1 |          0 |          1 |          0 |          1 |          0 |          1 |          0 |          0 |          0 |          0 |          0 |
| 453  |          1 |          8 |          2 |          1 |          1 |          0 |          0 |          1 |          0 |          1 |          0 |          1 |          0 |          1 |          0 |          0 |          0 |          0 |          0 |
| 454  |          1 |          8 |          2 |          1 |          1 |          0 |          0 |          1 |          0 |          1 |          0 |          1 |          0 |          1 |          0 |          0 |          0 |          0 |          0 |
| 455  |          1 |          8 |          2 |          1 |          1 |          0 |          0 |          1 |          0 |          1 |          0 |          1 |          0 |          1 |          0 |          0 |          0 |          0 |          0 |
| 456  |          1 |          8 |          2 |          1 |          1 |          0 |          0 |          1 |          0 |          1 |          0 |          1 |          0 |          1 |          0 |          0 |          0 |          0 |          0 |
| 457  |          1 |          8 |          2 |          1 |          1 |          0 |          0 |          1 |          0 |          1 |          0 |          1 |          0 |          1 |          0 |          0 |          0 |          0 |          0 |
| 458  |          1 |          8 |          2 |          1 |          1 |          0 |          0 |          1 |          0 |          1 |          0 |          1 |          0 |          1 |          0 |          0 |          0 |          0 |          0 |
| 459  |          1 |          8 |          2 |          1 |          1 |          0 |          0 |          1 |          0 |          1 |          0 |          1 |          0 |          1 |          0 |          0 |          0 |          0 |          0 |
| 460  |          1 |          8 |          2 |          1 |          1 |          0 |          0 |          1 |          0 |          1 |          0 |          1 |          0 |          1 |          0 |          0 |          0 |          0 |          0 |
| 461  |          1 |          8 |          2 |          1 |          1 |          0 |          0 |          1 |          0 |          1 |          0 |          1 |          0 |          1 |          0 |          0 |          0 |          0 |          0 |
| 462  |          1 |          8 |          2 |          1 |          1 |          0 |          0 |          1 |          0 |          1 |          0 |          1 |          0 |          1 |          0 |          0 |          0 |          0 |          0 |
| 463  |          1 |          8 |          2 |          1 |          1 |          0 |          0 |          1 |          0 |          1 |          0 |          1 |          0 |          1 |          0 |          0 |          0 |          0 |          0 |
| 464  |          1 |          8 |          2 |          1 |          1 |          0 |          0 |          1 |          0 |          1 |          0 |          1 |          0 |          1 |          0 |          0 |          0 |          0 |          0 |
| 465  |          1 |          8 |          2 |          1 |          1 |          0 |          0 |          1 |          0 |          1 |          0 |          1 |          0 |          1 |          0 |          0 |          0 |          0 |          0 |
| 466  |          1 |          8 |          2 |          1 |          1 |          0 |          0 |          1 |          0 |          1 |          0 |          1 |          0 |          1 |          0 |          0 |          0 |          0 |          0 |
| 467  |          1 |          8 |          2 |          1 |          1 |          0 |          0 |          1 |          0 |          1 |          0 |          1 |          0 |          1 |          0 |          0 |          0 |          0 |          0 |
| 468  |          1 |          8 |          2 |          1 |          1 |          0 |          0 |          0 |          0 |          1 |          0 |          1 |          0 |          1 |          0 |          0 |          0 |          0 |          0 |
| 469  |          1 |          8 |          2 |          1 |          1 |          0 |          0 |          0 |          0 |          1 |          0 |          1 |          0 |          1 |          0 |          0 |          0 |          0 |          0 |
| 470  |          1 |          8 |          2 |          1 |          1 |          0 |          0 |          0 |          0 |          1 |          0 |          1 |          0 |          1 |          0 |          0 |          0 |          0 |          0 |
| 471  |          1 |          8 |          2 |          1 |          1 |          0 |          0 |          0 |          0 |          1 |          0 |          1 |          0 |          1 |          0 |          0 |          0 |          0 |          0 |
| 472  |          1 |          8 |          2 |          1 |          1 |          0 |          0 |          0 |          0 |          1 |          0 |          1 |          0 |          1 |          0 |          0 |          0 |          0 |          0 |
| 473  |          1 |          8 |          2 |          1 |          1 |          0 |          0 |          0 |          0 |          1 |          0 |          1 |          0 |          1 |          0 |          0 |          0 |          0 |          0 |
| 474  |          1 |          8 |          2 |          1 |          1 |          0 |          0 |          0 |          0 |          1 |          0 |          1 |          0 |          1 |          0 |          0 |          0 |          0 |          0 |
| 475  |          1 |          8 |          2 |          1 |          1 |          0 |          0 |          0 |          0 |          1 |          0 |          1 |          0 |          1 |          0 |          0 |          0 |          0 |          0 |
| 476  |          1 |          8 |          2 |          1 |          1 |          0 |          0 |          0 |          0 |          1 |          0 |          1 |          0 |          1 |          0 |          0 |          0 |          0 |          0 |
| 477  |          1 |          8 |          2 |          1 |          1 |          0 |          0 |          0 |          0 |          1 |          0 |          1 |          0 |          1 |          0 |          0 |          0 |          0 |          0 |
| 478  |          1 |          8 |          2 |          1 |          1 |          0 |          0 |          0 |          1 |          1 |          0 |          1 |          0 |          1 |          0 |          0 |          0 |          0 |          0 |
| 479  |          1 |          8 |          2 |          1 |          1 |          0 |          0 |          0 |          1 |          1 |          0 |          1 |          0 |          1 |          0 |          0 |          0 |          0 |          0 |
| 480  |          2 |          8 |          2 |          1 |          1 |          0 |          0 |          0 |          1 |          1 |          0 |          1 |          0 |          1 |          0 |          0 |          0 |          0 |          0 |
| 481  |          2 |          8 |          2 |          1 |          1 |          0 |          0 |          0 |          1 |          1 |          0 |          1 |          0 |          1 |          0 |          0 |          0 |          0 |          0 |
| 482  |          2 |          8 |          2 |          1 |          1 |          0 |          0 |          0 |          1 |          1 |          0 |          1 |          0 |          1 |          0 |          0 |          0 |          0 |          0 |
| 483  |          2 |          8 |          2 |          1 |          1 |          0 |          0 |          0 |          1 |          1 |          0 |          1 |          0 |          1 |          0 |          0 |          0 |          0 |          0 |
| 484  |          2 |          8 |          2 |          1 |          1 |          0 |          0 |          0 |          1 |          1 |          0 |          1 |          0 |          1 |          0 |          0 |          0 |          0 |          0 |
| 485  |          2 |          8 |          2 |          1 |          1 |          0 |          0 |          0 |          1 |          1 |          0 |          1 |          0 |          1 |          0 |          0 |          0 |          0 |          0 |
| 486  |          2 |          8 |          2 |          1 |          1 |          0 |          0 |          0 |          1 |          1 |          0 |          1 |          0 |          1 |          0 |          0 |          0 |          0 |          0 |
| 487  |          2 |          8 |          2 |          1 |          1 |          0 |          0 |          0 |          1 |          1 |          0 |          1 |          0 |          1 |          0 |          0 |          0 |          0 |          0 |
| 488  |          2 |          8 |          2 |          1 |          1 |          0 |          0 |          0 |          1 |          1 |          0 |          1 |          0 |          1 |          0 |          0 |          0 |          0 |          0 |
| 489  |          2 |          8 |          2 |          1 |          1 |          0 |          0 |          0 |          1 |          1 |          0 |          1 |          0 |          1 |          0 |          0 |          0 |          0 |          0 |
| 490  |          2 |          8 |          2 |          1 |          1 |          0 |          0 |          0 |          1 |          1 |          0 |          1 |          0 |          1 |          0 |          0 |          0 |          0 |          0 |
| 491  |          2 |          8 |          2 |          1 |          1 |          0 |          0 |          0 |          1 |          1 |          0 |          1 |          0 |          1 |          0 |          0 |          0 |          0 |          0 |
| 492  |          2 |          8 |          2 |          1 |          1 |          0 |          0 |          0 |          1 |          1 |          0 |          1 |          0 |          1 |          0 |          0 |          0 |          0 |          0 |
| 493  |          2 |          8 |          2 |          1 |          1 |          0 |          0 |          0 |          1 |          1 |          0 |          1 |          0 |          1 |          0 |          0 |          0 |          0 |          0 |
| 494  |          2 |          8 |          2 |          1 |          1 |          0 |          0 |          0 |          1 |          1 |          0 |          1 |          0 |          1 |          0 |          0 |          0 |          0 |          0 |
| 495  |          2 |          8 |          2 |          1 |          1 |          0 |          0 |          0 |          1 |          1 |          0 |          1 |          0 |          1 |          0 |          0 |          0 |          0 |          0 |
| 496  |          2 |          3 |          2 |          1 |          1 |          0 |          0 |          0 |          1 |          1 |          0 |          1 |          0 |          1 |          0 |          0 |          0 |          0 |          0 |
| 497  |          2 |          3 |          2 |          1 |          1 |          0 |          0 |          0 |          1 |          1 |          0 |          1 |          0 |          1 |          0 |          0 |          0 |          0 |          0 |
| 498  |          2 |          3 |          2 |          1 |          1 |          0 |          0 |          0 |          1 |          1 |          0 |          1 |          0 |          1 |          0 |          0 |          0 |          0 |          0 |
| 499  |          2 |          3 |          2 |          1 |          1 |          0 |          0 |          0 |          1 |          1 |          0 |          1 |          0 |          1 |          0 |          0 |          0 |          0 |          0 |
| 500  |          2 |          3 |          2 |          1 |          1 |          0 |          0 |          0 |          1 |          1 |          0 |          1 |          0 |          1 |          0 |          0 |          0 |          0 |          0 |
| 501  |          2 |          3 |          2 |          1 |          1 |          0 |          0 |          0 |          1 |          1 |          0 |          1 |          0 |          1 |          0 |          0 |          0 |          0 |          0 |
| 502  |          2 |          3 |          2 |          1 |          1 |          0 |          0 |          0 |          1 |          1 |          0 |          1 |          0 |          1 |          0 |          0 |          0 |          0 |          0 |
| 503  |          2 |          3 |          2 |          1 |          1 |          0 |          0 |          0 |          1 |          1 |          0 |          1 |          0 |          1 |          0 |          0 |          0 |          0 |          0 |
| 504  |          2 |          3 |          2 |          1 |          1 |          0 |          0 |          0 |          1 |          1 |          0 |          1 |          0 |          1 |          0 |          0 |          0 |          0 |          0 |
| 505  |          2 |          3 |          2 |          1 |          1 |          0 |          0 |          0 |          1 |          1 |          0 |          1 |          0 |          1 |          0 |          0 |          0 |          0 |          0 |
| 506  |          2 |          3 |          2 |          1 |          1 |          0 |          0 |          0 |          1 |          1 |          0 |          1 |          0 |          1 |          0 |          0 |          0 |          0 |          0 |
| 507  |          2 |          3 |          2 |          1 |          1 |          0 |          0 |          0 |          1 |          1 |          0 |          1 |          0 |          1 |          0 |          0 |          0 |          0 |          0 |
| 508  |          2 |          3 |          2 |          1 |          1 |          0 |          0 |          0 |          1 |          1 |          0 |          1 |          0 |          1 |          0 |          0 |          0 |          0 |          0 |
| 509  |          2 |          3 |          2 |          1 |          1 |          0 |          0 |          0 |          1 |          1 |          0 |          1 |          0 |          1 |          0 |          0 |          0 |          0 |          0 |
| 510  |          2 |          3 |          2 |          1 |          1 |          0 |          0 |          0 |          1 |          1 |          0 |          1 |          0 |          1 |          0 |          0 |          0 |          0 |          0 |
| 511  |          2 |          3 |          2 |          1 |          1 |          0 |          0 |          0 |          1 |          1 |          0 |          1 |          0 |          1 |          0 |          0 |          0 |          0 |          0 |
| 512  |          2 |          3 |          2 |          1 |          1 |          0 |          0 |          0 |          1 |          1 |          0 |          1 |          0 |          1 |          0 |          0 |          0 |          0 |          0 |
| 513  |          2 |          3 |          2 |          1 |          1 |          0 |          0 |          0 |          1 |          1 |          0 |          1 |          0 |          1 |          0 |          0 |          0 |          0 |          0 |
| 514  |          2 |          3 |          2 |          1 |          1 |          0 |          0 |          0 |          1 |          1 |          0 |          1 |          0 |          1 |          0 |          0 |          0 |          0 |          0 |
| 515  |          2 |          3 |          2 |          1 |          1 |          0 |          0 |          0 |          1 |          1 |          0 |          1 |          0 |          1 |          0 |          0 |          0 |          0 |          0 |
| 516  |          2 |          3 |          2 |          1 |          1 |          0 |          0 |          0 |          1 |          1 |          0 |          1 |          0 |          1 |          0 |          0 |          0 |          0 |          0 |
| 517  |          2 |          3 |          2 |          1 |          1 |          0 |          0 |          0 |          1 |          1 |          0 |          1 |          0 |          1 |          0 |          0 |          0 |          0 |          0 |
| 518  |          2 |          3 |          2 |          1 |          1 |          0 |          0 |          0 |          1 |          1 |          0 |          1 |          0 |          1 |          0 |          0 |          0 |          0 |          0 |
| 519  |          2 |          3 |          2 |          1 |          1 |          0 |          0 |          0 |          1 |          1 |          0 |          1 |          0 |          1 |          0 |          0 |          0 |          0 |          0 |
| 520  |          2 |          4 |          2 |          1 |          1 |          0 |          0 |          0 |          1 |          1 |          0 |          1 |          0 |          1 |          0 |          0 |          0 |          0 |          0 |
| 521  |          2 |          4 |          2 |          1 |          1 |          0 |          0 |          0 |          1 |          1 |          0 |          1 |          0 |          1 |          0 |          0 |          0 |          0 |          0 |
| 522  |          2 |          4 |          2 |          1 |          1 |          0 |          0 |          0 |          1 |          1 |          0 |          1 |          0 |          1 |          0 |          0 |          0 |          0 |          0 |
| 523  |          2 |          4 |          2 |          1 |          1 |          0 |          0 |          0 |          1 |          1 |          0 |          1 |          0 |          1 |          0 |          0 |          0 |          0 |          0 |
| 524  |          2 |          4 |          2 |          1 |          1 |          0 |          0 |          0 |          1 |          1 |          0 |          1 |          0 |          1 |          0 |          0 |          0 |          0 |          0 |
| 525  |          2 |          4 |          2 |          1 |          1 |          0 |          0 |          0 |          1 |          1 |          0 |          1 |          0 |          1 |          0 |          0 |          0 |          0 |          0 |
| 526  |          2 |          4 |          2 |          1 |          1 |          0 |          0 |          0 |          1 |          1 |          0 |          1 |          0 |          1 |          0 |          0 |          0 |          0 |          0 |
| 527  |          2 |          4 |          2 |          1 |          1 |          0 |          0 |          0 |          1 |          1 |          0 |          1 |          0 |          1 |          0 |          0 |          0 |          0 |          0 |
| 528  |          2 |          4 |          2 |          1 |          1 |          0 |          0 |          0 |          1 |          1 |          0 |          1 |          0 |          1 |          0 |          0 |          0 |          0 |          0 |
| 529  |          2 |          4 |          2 |          1 |          1 |          0 |          0 |          0 |          1 |          1 |          0 |          1 |          0 |          1 |          0 |          0 |          0 |          0 |          0 |
| 530  |          2 |          4 |          2 |          1 |          1 |          0 |          0 |          0 |          1 |          1 |          0 |          1 |          0 |          1 |          0 |          0 |          0 |          0 |          0 |
| 531  |          2 |          4 |          2 |          1 |          1 |          0 |          0 |          0 |          1 |          1 |          0 |          1 |          0 |          1 |          0 |          0 |          0 |          0 |          0 |
| 532  |          2 |          4 |          2 |          1 |          1 |          0 |          0 |          0 |          1 |          1 |          0 |          1 |          0 |          1 |          0 |          0 |          0 |          0 |          0 |
| 533  |          2 |          4 |          2 |          1 |          1 |          0 |          0 |          0 |          1 |          1 |          0 |          1 |          0 |          1 |          0 |          0 |          0 |          0 |          0 |
| 534  |          2 |          4 |          2 |          1 |          1 |          0 |          0 |          0 |          1 |          1 |          0 |          1 |          0 |          1 |          0 |          0 |          0 |          0 |          0 |
| 535  |          2 |          4 |          2 |          0 |          1 |          0 |          0 |          0 |          1 |          1 |          0 |          1 |          0 |          1 |          0 |          0 |          0 |          0 |          0 |
| 536  |          2 |          4 |          2 |          0 |          1 |          0 |          0 |          0 |          1 |          1 |          0 |          1 |          0 |          1 |          0 |          0 |          0 |          0 |          0 |
| 537  |          2 |          4 |          2 |          0 |          1 |          0 |          0 |          0 |          1 |          1 |          0 |          1 |          0 |          1 |          0 |          0 |          0 |          0 |          0 |
| 538  |          2 |          4 |          2 |          0 |          1 |          0 |          0 |          0 |          1 |          1 |          0 |          1 |          0 |          1 |          0 |          0 |          0 |          0 |          0 |
| 539  |          2 |          4 |          2 |          0 |          1 |          0 |          0 |          0 |          1 |          1 |          0 |          1 |          0 |          1 |          0 |          0 |          0 |          0 |          0 |
| 540  |          2 |          4 |          2 |          0 |          1 |          0 |          0 |          0 |          1 |          1 |          0 |          1 |          0 |          1 |          0 |          0 |          0 |          0 |          0 |
| 541  |          2 |          4 |          2 |          0 |          1 |          0 |          0 |          0 |          1 |          1 |          0 |          1 |          0 |          1 |          0 |          0 |          0 |          0 |          0 |
| 542  |          2 |          4 |          2 |          0 |          1 |          0 |          0 |          0 |          1 |          1 |          0 |          1 |          0 |          1 |          0 |          0 |          0 |          0 |          0 |
| 543  |          2 |          4 |          2 |          0 |          1 |          0 |          0 |          0 |          1 |          1 |          0 |          1 |          0 |          1 |          0 |          0 |          0 |          0 |          0 |
| 544  |          2 |          4 |          2 |          0 |          1 |          0 |          0 |          0 |          1 |          1 |          0 |          1 |          0 |          1 |          0 |          0 |          0 |          0 |          0 |
| 545  |          2 |          4 |          2 |          0 |          1 |          0 |          0 |          0 |          1 |          1 |          0 |          1 |          0 |          1 |          0 |          0 |          0 |          0 |          0 |
| 546  |          2 |          4 |          2 |          0 |          1 |          0 |          0 |          0 |          1 |          1 |          0 |          1 |          0 |          1 |          0 |          0 |          0 |          0 |          0 |
| 547  |          2 |          4 |          2 |          0 |          1 |          0 |          0 |          0 |          1 |          1 |          0 |          1 |          0 |          1 |          0 |          0 |          0 |          0 |          0 |
| 548  |          2 |          4 |          4 |          0 |          1 |          0 |          0 |          0 |          1 |          1 |          0 |          1 |          0 |          1 |          0 |          0 |          0 |          0 |          0 |
| 549  |          2 |          4 |          4 |          0 |          1 |          0 |          0 |          0 |          1 |          1 |          0 |          1 |          0 |          1 |          0 |          0 |          0 |          0 |          0 |
| 550  |          2 |          5 |          4 |          0 |          1 |          0 |          0 |          0 |          1 |          1 |          0 |          1 |          0 |          1 |          0 |          0 |          0 |          0 |          0 |
| 551  |          2 |          5 |          4 |          0 |          1 |          0 |          0 |          0 |          1 |          1 |          0 |          1 |          0 |          1 |          0 |          0 |          0 |          0 |          0 |
| 552  |          2 |          5 |          4 |          0 |          1 |          0 |          0 |          0 |          1 |          1 |          0 |          1 |          0 |          1 |          0 |          0 |          0 |          0 |          0 |
| 553  |          2 |          5 |          4 |          0 |          1 |          0 |          0 |          0 |          1 |          1 |          0 |          1 |          0 |          1 |          0 |          0 |          0 |          0 |          0 |
| 554  |          2 |          5 |          4 |          0 |          1 |          0 |          0 |          0 |          1 |          1 |          0 |          1 |          0 |          1 |          0 |          0 |          0 |          0 |          0 |
| 555  |          2 |          5 |          4 |          0 |          1 |          0 |          0 |          0 |          1 |          1 |          0 |          1 |          0 |          1 |          0 |          0 |          0 |          0 |          0 |
| 556  |          2 |          5 |          4 |          0 |          1 |          0 |          0 |          0 |          1 |          1 |          0 |          1 |          0 |          1 |          0 |          0 |          0 |          0 |          0 |
| 557  |          2 |          5 |          4 |          0 |          1 |          0 |          0 |          0 |          1 |          1 |          0 |          1 |          0 |          1 |          0 |          0 |          0 |          0 |          0 |
| 558  |          2 |          5 |          4 |          0 |          1 |          0 |          0 |          0 |          1 |          1 |          0 |          1 |          0 |          1 |          0 |          0 |          0 |          0 |          0 |
| 559  |          2 |          5 |          4 |          0 |          1 |          0 |          0 |          0 |          1 |          1 |          0 |          1 |          0 |          1 |          0 |          0 |          0 |          0 |          0 |
| 560  |          2 |          5 |          4 |          0 |          1 |          0 |          0 |          0 |          1 |          1 |          0 |          1 |          0 |          1 |          0 |          0 |          0 |          0 |          0 |
| 561  |          2 |          5 |          4 |          0 |          1 |          0 |          0 |          0 |          1 |          1 |          0 |          1 |          0 |          1 |          0 |          0 |          0 |          0 |          0 |
| 562  |          2 |          5 |          4 |          0 |          1 |          0 |          0 |          0 |          1 |          1 |          0 |          1 |          0 |          1 |          0 |          0 |          0 |          0 |          0 |
| 563  |          2 |          5 |          4 |          0 |          1 |          0 |          0 |          0 |          1 |          1 |          0 |          1 |          0 |          1 |          0 |          0 |          0 |          0 |          0 |
| 564  |          2 |          5 |          4 |          0 |          1 |          0 |          0 |          0 |          1 |          1 |          0 |          1 |          0 |          1 |          0 |          0 |          0 |          0 |          0 |
| 565  |          2 |          5 |          4 |          1 |          1 |          0 |          0 |          0 |          1 |          1 |          0 |          1 |          0 |          1 |          0 |          0 |          0 |          0 |          0 |
| 566  |          2 |          5 |          4 |          1 |          1 |          0 |          0 |          0 |          1 |          1 |          0 |          1 |          0 |          1 |          0 |          0 |          0 |          0 |          0 |
| 567  |          2 |          5 |          4 |          1 |          1 |          0 |          0 |          0 |          1 |          1 |          0 |          1 |          0 |          1 |          0 |          0 |          0 |          0 |          0 |
| 568  |          2 |          5 |          4 |          1 |          1 |          0 |          0 |          0 |          1 |          1 |          0 |          1 |          0 |          1 |          0 |          0 |          0 |          0 |          0 |
| 569  |          2 |          5 |          4 |          1 |          1 |          0 |          0 |          0 |          1 |          1 |          0 |          1 |          0 |          1 |          0 |          0 |          0 |          0 |          0 |
| 570  |          2 |          5 |          4 |          1 |          1 |          0 |          0 |          0 |          1 |          1 |          0 |          1 |          0 |          1 |          0 |          0 |          0 |          0 |          0 |
| 571  |          2 |          5 |          4 |          1 |          1 |          0 |          0 |          0 |          1 |          1 |          0 |          1 |          0 |          1 |          0 |          0 |          0 |          0 |          0 |
| 572  |          2 |          5 |          4 |          1 |          1 |          0 |          0 |          0 |          1 |          1 |          0 |          1 |          0 |          1 |          0 |          0 |          0 |          0 |          0 |
| 573  |          2 |          5 |          4 |          1 |          1 |          0 |          0 |          0 |          1 |          1 |          0 |          1 |          0 |          1 |          0 |          0 |          0 |          0 |          0 |
| 574  |          2 |          5 |          4 |          1 |          1 |          0 |          0 |          0 |          1 |          1 |          0 |          1 |          0 |          1 |          0 |          0 |          0 |          0 |          0 |
| 575  |          2 |          5 |          4 |          1 |          1 |          0 |          0 |          0 |          1 |          1 |          0 |          1 |          0 |          1 |          0 |          0 |          0 |          0 |          0 |
| 576  |          2 |          6 |          4 |          1 |          1 |          0 |          0 |          0 |          1 |          1 |          0 |          1 |          0 |          1 |          0 |          0 |          0 |          0 |          0 |
| 577  |          2 |          6 |          4 |          1 |          1 |          0 |          0 |          0 |          1 |          1 |          0 |          1 |          0 |          1 |          0 |          0 |          0 |          0 |          0 |
| 578  |          2 |          6 |          4 |          1 |          1 |          0 |          0 |          0 |          1 |          1 |          0 |          1 |          0 |          1 |          0 |          0 |          0 |          0 |          0 |
| 579  |          2 |          6 |          4 |          1 |          1 |          0 |          0 |          0 |          1 |          1 |          0 |          1 |          0 |          1 |          0 |          0 |          0 |          0 |          0 |
| 580  |          2 |          6 |          4 |          1 |          1 |          0 |          0 |          0 |          1 |          1 |          0 |          1 |          0 |          1 |          0 |          0 |          0 |          0 |          0 |
| 581  |          2 |          6 |          4 |          1 |          1 |          0 |          0 |          0 |          1 |          1 |          0 |          1 |          0 |          1 |          0 |          0 |          0 |          0 |          0 |
| 582  |          2 |          6 |          4 |          1 |          1 |          0 |          0 |          0 |          1 |          1 |          0 |          1 |          0 |          1 |          0 |          0 |          0 |          0 |          0 |
| 583  |          2 |          6 |          4 |          1 |          1 |          0 |          0 |          0 |          1 |          1 |          0 |          1 |          0 |          1 |          0 |          0 |          0 |          0 |          0 |
| 584  |          2 |          6 |          4 |          1 |          1 |          0 |          0 |          0 |          1 |          1 |          0 |          1 |          0 |          1 |          0 |          0 |          0 |          0 |          0 |
| 585  |          2 |          6 |          4 |          1 |          1 |          0 |          0 |          0 |          1 |          1 |          0 |          1 |          0 |          1 |          0 |          0 |          0 |          0 |          0 |
| 586  |          2 |          6 |          4 |          1 |          1 |          0 |          0 |          0 |          1 |          1 |          0 |          1 |          0 |          1 |          0 |          0 |          0 |          0 |          0 |
| 587  |          2 |          6 |          4 |          1 |          1 |          0 |          0 |          0 |          1 |          1 |          0 |          1 |          0 |          1 |          0 |          0 |          0 |          0 |          0 |
| 588  |          2 |          6 |          4 |          1 |          1 |          0 |          0 |          0 |          1 |          1 |          0 |          1 |          0 |          1 |          0 |          0 |          0 |          0 |          0 |
| 589  |          2 |          6 |          4 |          1 |          1 |          0 |          0 |          0 |          1 |          1 |          0 |          1 |          0 |          1 |          0 |          0 |          0 |          0 |          0 |
| 590  |          2 |          6 |          4 |          1 |          1 |          0 |          0 |          0 |          1 |          1 |          0 |          1 |          0 |          1 |          0 |          0 |          0 |          0 |          0 |
| 591  |          2 |          6 |          4 |          0 |          1 |          0 |          0 |          0 |          1 |          1 |          0 |          1 |          0 |          1 |          0 |          0 |          0 |          0 |          0 |
| 592  |          2 |          6 |          4 |          0 |          1 |          0 |          0 |          0 |          1 |          1 |          0 |          1 |          0 |          1 |          0 |          0 |          0 |          0 |          0 |
| 593  |          2 |          6 |          4 |          0 |          1 |          0 |          0 |          0 |          1 |          1 |          0 |          1 |          0 |          1 |          0 |          0 |          0 |          0 |          0 |
| 594  |          2 |          6 |          4 |          0 |          1 |          0 |          0 |          0 |          1 |          1 |          0 |          1 |          0 |          1 |          0 |          0 |          0 |          0 |          0 |
| 595  |          2 |          6 |          4 |          0 |          1 |          0 |          0 |          0 |          1 |          1 |          0 |          1 |          0 |          1 |          0 |          0 |          0 |          0 |          0 |
| 596  |          2 |          6 |          4 |          0 |          1 |          0 |          0 |          0 |          1 |          1 |          0 |          1 |          0 |          1 |          0 |          0 |          0 |          0 |          0 |
| 597  |          2 |          6 |          4 |          0 |          1 |          0 |          0 |          0 |          1 |          1 |          0 |          1 |          0 |          1 |          0 |          0 |          0 |          0 |          0 |
| 598  |          2 |          6 |          4 |          0 |          1 |          0 |          0 |          0 |          1 |          1 |          0 |          1 |          0 |          1 |          0 |          0 |          0 |          0 |          0 |
| 599  |          2 |          6 |          4 |          0 |          1 |          0 |          0 |          0 |          1 |          1 |          0 |          1 |          0 |          1 |          0 |          0 |          0 |          0 |          0 |
| 600  |          2 |          6 |          4 |          0 |          1 |          0 |          0 |          0 |          1 |          1 |          0 |          1 |          0 |          1 |          0 |          0 |          0 |          0 |          0 |
| 601  |          2 |          6 |          4 |          0 |          1 |          0 |          0 |          0 |          1 |          1 |          0 |          1 |          0 |          1 |          0 |          0 |          0 |          0 |          0 |
| 602  |          2 |          7 |          4 |          0 |          1 |          0 |          0 |          0 |          1 |          1 |          0 |          1 |          0 |          1 |          0 |          0 |          0 |          0 |          0 |
| 603  |          2 |          7 |          4 |          0 |          1 |          0 |          0 |          0 |          1 |          1 |          0 |          1 |          0 |          1 |          0 |          0 |          0 |          0 |          0 |
| 604  |          2 |          7 |          4 |          0 |          1 |          0 |          0 |          0 |          1 |          1 |          0 |          1 |          0 |          1 |          0 |          0 |          0 |          0 |          0 |
| 605  |          2 |          7 |          4 |          0 |          1 |          0 |          0 |          0 |          1 |          1 |          0 |          1 |          0 |          1 |          0 |          0 |          0 |          0 |          0 |
| 606  |          2 |          7 |          4 |          0 |          1 |          0 |          0 |          0 |          1 |          1 |          0 |          1 |          0 |          1 |          0 |          0 |          0 |          0 |          0 |
| 607  |          2 |          7 |          4 |          0 |          1 |          0 |          0 |          0 |          1 |          1 |          0 |          1 |          0 |          1 |          0 |          0 |          0 |          0 |          0 |
| 608  |          2 |          7 |          4 |          0 |          1 |          0 |          0 |          0 |          1 |          1 |          0 |          1 |          0 |          1 |          0 |          0 |          0 |          0 |          0 |
| 609  |          2 |          7 |          4 |          0 |          1 |          0 |          0 |          0 |          1 |          1 |          0 |          1 |          0 |          1 |          0 |          0 |          0 |          0 |          0 |
| 610  |          2 |          7 |          4 |          0 |          1 |          0 |          0 |          0 |          1 |          1 |          0 |          1 |          0 |          1 |          0 |          0 |          0 |          0 |          0 |
| 611  |          2 |          7 |          4 |          0 |          1 |          0 |          0 |          0 |          1 |          1 |          0 |          1 |          0 |          1 |          0 |          0 |          0 |          0 |          0 |
| 612  |          2 |          7 |          4 |          0 |          1 |          0 |          0 |          0 |          1 |          1 |          0 |          1 |          0 |          1 |          0 |          0 |          0 |          0 |          0 |
| 613  |          2 |          7 |          4 |          0 |          1 |          0 |          0 |          0 |          1 |          1 |          0 |          1 |          0 |          1 |          0 |          0 |          0 |          0 |          0 |
| 614  |          2 |          7 |          4 |          0 |          1 |          0 |          0 |          0 |          1 |          1 |          0 |          1 |          0 |          1 |          0 |          0 |          0 |          0 |          0 |
| 615  |          2 |          7 |          4 |          0 |          1 |          0 |          0 |          0 |          1 |          1 |          0 |          1 |          0 |          1 |          0 |          0 |          0 |          0 |          0 |
| 616  |          2 |          7 |          4 |          0 |          1 |          0 |          0 |          0 |          1 |          1 |          0 |          1 |          0 |          1 |          0 |          0 |          0 |          0 |          0 |
| 617  |          2 |          7 |          4 |          1 |          1 |          0 |          0 |          0 |          1 |          1 |          0 |          1 |          0 |          1 |          0 |          0 |          0 |          0 |          0 |
| 618  |          2 |          7 |          4 |          1 |          1 |          0 |          0 |          0 |          1 |          1 |          0 |          1 |          0 |          1 |          0 |          0 |          0 |          0 |          0 |
| 619  |          2 |          7 |          4 |          1 |          1 |          0 |          0 |          0 |          1 |          1 |          0 |          1 |          0 |          1 |          0 |          0 |          0 |          0 |          0 |
| 620  |          2 |          7 |          4 |          1 |          1 |          0 |          0 |          0 |          1 |          1 |          0 |          1 |          0 |          1 |          0 |          0 |          0 |          0 |          0 |
| 621  |          2 |          7 |          4 |          1 |          1 |          0 |          0 |          0 |          1 |          1 |          0 |          1 |          0 |          1 |          0 |          0 |          0 |          0 |          0 |
| 622  |          2 |          7 |          4 |          1 |          1 |          0 |          0 |          0 |          1 |          1 |          0 |          1 |          0 |          1 |          0 |          0 |          0 |          0 |          0 |
| 623  |          2 |          7 |          4 |          1 |          1 |          0 |          0 |          0 |          1 |          1 |          0 |          1 |          0 |          1 |          0 |          0 |          0 |          0 |          0 |
| 624  |          2 |          7 |          4 |          1 |          1 |          0 |          0 |          0 |          1 |          1 |          0 |          1 |          0 |          1 |          0 |          0 |          0 |          0 |          0 |
| 625  |          2 |          7 |          4 |          1 |          1 |          0 |          0 |          0 |          1 |          1 |          0 |          1 |          0 |          1 |          0 |          0 |          0 |          0 |          0 |
| 626  |          2 |          7 |          4 |          1 |          1 |          0 |          0 |          0 |          1 |          1 |          0 |          1 |          0 |          1 |          0 |          0 |          0 |          0 |          0 |
| 627  |          2 |          7 |          4 |          1 |          1 |          0 |          0 |          0 |          1 |          1 |          0 |          1 |          0 |          1 |          0 |          0 |          0 |          0 |          0 |
| 628  |          2 |          8 |          4 |          1 |          1 |          0 |          0 |          0 |          1 |          1 |          0 |          1 |          0 |          1 |          0 |          0 |          0 |          0 |          0 |
| 629  |          2 |          8 |          4 |          1 |          1 |          0 |          0 |          0 |          1 |          1 |          0 |          1 |          0 |          1 |          0 |          0 |          0 |          0 |          0 |
| 630  |          2 |          8 |          4 |          1 |          1 |          0 |          0 |          0 |          1 |          1 |          0 |          1 |          0 |          1 |          0 |          0 |          0 |          0 |          0 |
| 631  |          2 |          8 |          4 |          1 |          1 |          0 |          0 |          0 |          1 |          1 |          0 |          1 |          0 |          1 |          0 |          0 |          0 |          0 |          0 |
| 632  |          2 |          8 |          4 |          1 |          1 |          0 |          0 |          0 |          1 |          1 |          0 |          1 |          0 |          1 |          0 |          0 |          0 |          0 |          0 |
| 633  |          2 |          8 |          4 |          1 |          1 |          0 |          0 |          0 |          1 |          1 |          0 |          1 |          0 |          1 |          0 |          0 |          0 |          0 |          0 |
| 634  |          2 |          8 |          4 |          1 |          1 |          0 |          0 |          0 |          1 |          1 |          0 |          1 |          0 |          1 |          0 |          0 |          0 |          0 |          0 |
| 635  |          2 |          8 |          4 |          1 |          1 |          0 |          0 |          0 |          1 |          1 |          0 |          1 |          0 |          1 |          0 |          0 |          0 |          0 |          0 |
| 636  |          2 |          8 |          4 |          1 |          1 |          0 |          0 |          0 |          1 |          1 |          0 |          1 |          0 |          1 |          0 |          0 |          0 |          0 |          0 |
| 637  |          2 |          8 |          4 |          1 |          1 |          0 |          0 |          0 |          1 |          1 |          0 |          1 |          0 |          1 |          0 |          0 |          0 |          0 |          0 |
| 638  |          2 |          8 |          4 |          1 |          1 |          0 |          0 |          0 |          1 |          1 |          0 |          1 |          0 |          1 |          0 |          0 |          0 |          0 |          0 |
| 639  |          2 |          8 |          4 |          1 |          1 |          0 |          0 |          0 |          1 |          1 |          0 |          1 |          0 |          1 |          0 |          0 |          0 |          0 |          0 |
| 640  |          2 |          8 |          4 |          1 |          1 |          0 |          0 |          0 |          1 |          1 |          0 |          1 |          0 |          1 |          0 |          0 |          0 |          0 |          0 |
| 641  |          2 |          8 |          4 |          1 |          1 |          0 |          0 |          0 |          1 |          1 |          0 |          1 |          0 |          1 |          0 |          0 |          0 |          0 |          0 |
| 642  |          2 |          8 |          4 |          1 |          1 |          0 |          0 |          0 |          1 |          1 |          0 |          1 |          0 |          1 |          0 |          0 |          0 |          0 |          0 |
| 643  |          2 |          8 |          4 |          1 |          1 |          0 |          0 |          0 |          1 |          1 |          0 |          1 |          0 |          1 |          0 |          0 |          0 |          0 |          0 |
| 644  |          2 |          8 |          4 |          1 |          1 |          0 |          0 |          0 |          1 |          1 |          0 |          1 |          0 |          1 |          0 |          0 |          0 |          0 |          0 |
| 645  |          2 |          8 |          4 |          1 |          1 |          0 |          0 |          0 |          1 |          1 |          0 |          1 |          0 |          1 |          0 |          0 |          0 |          0 |          0 |
| 646  |          2 |          8 |          4 |          1 |          1 |          0 |          0 |          0 |          1 |          1 |          0 |          1 |          0 |          1 |          0 |          0 |          0 |          0 |          0 |
| 647  |          2 |          8 |          4 |          1 |          1 |          0 |          0 |          0 |          1 |          1 |          0 |          1 |          0 |          1 |          0 |          0 |          0 |          0 |          0 |
| 648  |          2 |          8 |          4 |          1 |          1 |          0 |          0 |          0 |          1 |          1 |          0 |          1 |          0 |          1 |          0 |          0 |          0 |          0 |          0 |
| 649  |          2 |          8 |          4 |          1 |          1 |          0 |          0 |          0 |          1 |          1 |          0 |          1 |          0 |          1 |          0 |          0 |          0 |          0 |          0 |
| 650  |          2 |          8 |          4 |          1 |          1 |          0 |          0 |          0 |          1 |          1 |          0 |          1 |          0 |          1 |          0 |          0 |          0 |          0 |          0 |
| 651  |          2 |          8 |          4 |          1 |          1 |          0 |          0 |          0 |          1 |          1 |          0 |          1 |          0 |          1 |          0 |          0 |          0 |          0 |          0 |
| 652  |          2 |          8 |          4 |          1 |          1 |          0 |          0 |          0 |          1 |          1 |          0 |          1 |          0 |          1 |          0 |          0 |          0 |          0 |          0 |
| 653  |          2 |          8 |          4 |          1 |          1 |          0 |          0 |          0 |          1 |          1 |          0 |          1 |          0 |          1 |          0 |          0 |          0 |          0 |          0 |
| 654  |          2 |          8 |          4 |          1 |          1 |          0 |          0 |          0 |          1 |          1 |          0 |          1 |          0 |          1 |          0 |          0 |          0 |          0 |          0 |
| 655  |          2 |          8 |          4 |          1 |          1 |          0 |          0 |          0 |          1 |          1 |          0 |          1 |          0 |          1 |          0 |          0 |          0 |          0 |          0 |
| 656  |          2 |          8 |          4 |          1 |          1 |          0 |          0 |          0 |          1 |          1 |          0 |          1 |          0 |          1 |          0 |          0 |          0 |          0 |          0 |
| 657  |          2 |          8 |          4 |          1 |          1 |          0 |          0 |          0 |          1 |          1 |          0 |          1 |          0 |          1 |          0 |          0 |          0 |          0 |          0 |
| 658  |          2 |          8 |          4 |          1 |          1 |          0 |          0 |          0 |          1 |          1 |          0 |          1 |          0 |          1 |          0 |          0 |          0 |          0 |          0 |
| 659  |          2 |          8 |          4 |          1 |          1 |          0 |          0 |          0 |          1 |          1 |          0 |          1 |          0 |          1 |          0 |          0 |          0 |          0 |          0 |
| 660  |          2 |          8 |          4 |          1 |          1 |          0 |          0 |          0 |          0 |          1 |          0 |          1 |          0 |          1 |          0 |          0 |          0 |          0 |          0 |
| 661  |          2 |          8 |          4 |          1 |          1 |          0 |          0 |          0 |          0 |          1 |          0 |          1 |          0 |          1 |          0 |          0 |          0 |          0 |          0 |
| 662  |          2 |          8 |          4 |          1 |          1 |          0 |          0 |          0 |          0 |          1 |          0 |          1 |          0 |          1 |          0 |          0 |          0 |          0 |          0 |
| 663  |          2 |          8 |          4 |          1 |          1 |          0 |          0 |          0 |          0 |          1 |          0 |          1 |          0 |          1 |          0 |          0 |          0 |          0 |          0 |
| 664  |          2 |          8 |          4 |          1 |          1 |          0 |          0 |          0 |          0 |          1 |          0 |          1 |          0 |          1 |          0 |          0 |          0 |          0 |          0 |
| 665  |          2 |          8 |          4 |          1 |          1 |          0 |          0 |          0 |          0 |          1 |          0 |          1 |          0 |          1 |          0 |          0 |          0 |          0 |          0 |
| 666  |          2 |          8 |          4 |          1 |          1 |          0 |          0 |          0 |          0 |          1 |          0 |          1 |          0 |          1 |          0 |          0 |          0 |          0 |          0 |
| 667  |          2 |          8 |          4 |          1 |          1 |          0 |          0 |          0 |          0 |          1 |          0 |          1 |          0 |          1 |          0 |          0 |          0 |          0 |          0 |
| 668  |          2 |          8 |          4 |          1 |          1 |          0 |          0 |          0 |          0 |          1 |          0 |          1 |          0 |          1 |          0 |          0 |          0 |          0 |          0 |
| 669  |          2 |          8 |          4 |          1 |          1 |          0 |          0 |          0 |          0 |          1 |          0 |          1 |          0 |          1 |          0 |          0 |          0 |          0 |          0 |
| 670  |          2 |          8 |          4 |          1 |          1 |          0 |          0 |          0 |          0 |          1 |          1 |          1 |          0 |          1 |          0 |          0 |          0 |          0 |          0 |
| 671  |          2 |          8 |          4 |          1 |          1 |          0 |          0 |          0 |          0 |          1 |          1 |          1 |          0 |          1 |          0 |          0 |          0 |          0 |          0 |
| 672  |          3 |          8 |          4 |          1 |          1 |          0 |          0 |          0 |          0 |          1 |          1 |          1 |          0 |          1 |          0 |          0 |          0 |          0 |          0 |
| 673  |          3 |          8 |          4 |          1 |          1 |          0 |          0 |          0 |          0 |          1 |          1 |          1 |          0 |          1 |          0 |          0 |          0 |          0 |          0 |
| 674  |          3 |          8 |          4 |          1 |          1 |          0 |          0 |          0 |          0 |          1 |          1 |          1 |          0 |          1 |          0 |          0 |          0 |          0 |          0 |
| 675  |          3 |          8 |          4 |          1 |          1 |          0 |          0 |          0 |          0 |          1 |          1 |          1 |          0 |          1 |          0 |          0 |          0 |          0 |          0 |
| 676  |          3 |          8 |          4 |          1 |          1 |          0 |          0 |          0 |          0 |          1 |          1 |          1 |          0 |          1 |          0 |          0 |          0 |          0 |          0 |
| 677  |          3 |          8 |          4 |          1 |          1 |          0 |          0 |          0 |          0 |          1 |          1 |          1 |          0 |          1 |          0 |          0 |          0 |          0 |          0 |
| 678  |          3 |          8 |          4 |          1 |          1 |          0 |          0 |          0 |          0 |          1 |          1 |          1 |          0 |          1 |          0 |          0 |          0 |          0 |          0 |
| 679  |          3 |          8 |          4 |          1 |          1 |          0 |          0 |          0 |          0 |          1 |          1 |          1 |          0 |          1 |          0 |          0 |          0 |          0 |          0 |
| 680  |          3 |          8 |          4 |          1 |          1 |          0 |          0 |          0 |          0 |          1 |          1 |          1 |          0 |          1 |          0 |          0 |          0 |          0 |          0 |
| 681  |          3 |          8 |          4 |          1 |          1 |          0 |          0 |          0 |          0 |          1 |          1 |          1 |          0 |          1 |          0 |          0 |          0 |          0 |          0 |
| 682  |          3 |          8 |          4 |          1 |          1 |          0 |          0 |          0 |          0 |          1 |          1 |          1 |          0 |          1 |          0 |          0 |          0 |          0 |          0 |
| 683  |          3 |          8 |          4 |          1 |          1 |          0 |          0 |          0 |          0 |          1 |          1 |          1 |          0 |          1 |          0 |          0 |          0 |          0 |          0 |
| 684  |          3 |          8 |          3 |          1 |          1 |          0 |          0 |          0 |          0 |          1 |          1 |          1 |          0 |          1 |          0 |          0 |          0 |          0 |          0 |
| 685  |          3 |          8 |          3 |          1 |          1 |          0 |          0 |          0 |          0 |          1 |          1 |          1 |          0 |          1 |          0 |          0 |          0 |          0 |          0 |
| 686  |          3 |          8 |          3 |          1 |          1 |          0 |          0 |          0 |          0 |          1 |          1 |          1 |          0 |          1 |          0 |          0 |          0 |          0 |          0 |
| 687  |          3 |          8 |          3 |          1 |          1 |          0 |          0 |          0 |          0 |          1 |          1 |          1 |          0 |          1 |          0 |          0 |          0 |          0 |          0 |
| 688  |          3 |          4 |          3 |          1 |          1 |          0 |          0 |          0 |          0 |          1 |          1 |          1 |          0 |          1 |          0 |          0 |          0 |          0 |          0 |
| 689  |          3 |          4 |          3 |          1 |          1 |          0 |          0 |          0 |          0 |          1 |          1 |          1 |          0 |          1 |          0 |          0 |          0 |          0 |          0 |
| 690  |          3 |          4 |          3 |          1 |          1 |          0 |          0 |          0 |          0 |          1 |          1 |          1 |          0 |          1 |          0 |          0 |          0 |          0 |          0 |
| 691  |          3 |          4 |          3 |          1 |          1 |          0 |          0 |          0 |          0 |          1 |          1 |          1 |          0 |          1 |          0 |          0 |          0 |          0 |          0 |
| 692  |          3 |          4 |          3 |          1 |          1 |          0 |          0 |          0 |          0 |          1 |          1 |          1 |          0 |          1 |          0 |          0 |          0 |          0 |          0 |
| 693  |          3 |          4 |          3 |          1 |          1 |          0 |          0 |          0 |          0 |          1 |          1 |          1 |          0 |          1 |          0 |          0 |          0 |          0 |          0 |
| 694  |          3 |          4 |          3 |          1 |          1 |          0 |          0 |          0 |          0 |          1 |          1 |          1 |          0 |          1 |          0 |          0 |          0 |          0 |          0 |
| 695  |          3 |          4 |          3 |          1 |          1 |          0 |          0 |          0 |          0 |          1 |          1 |          1 |          0 |          1 |          0 |          0 |          0 |          0 |          0 |
| 696  |          3 |          4 |          3 |          1 |          1 |          0 |          0 |          0 |          0 |          1 |          1 |          1 |          0 |          1 |          0 |          0 |          0 |          0 |          0 |
| 697  |          3 |          4 |          3 |          1 |          1 |          0 |          0 |          0 |          0 |          1 |          1 |          1 |          0 |          1 |          0 |          0 |          0 |          0 |          0 |
| 698  |          3 |          4 |          3 |          1 |          1 |          0 |          0 |          0 |          0 |          1 |          1 |          1 |          0 |          1 |          0 |          0 |          0 |          0 |          0 |
| 699  |          3 |          4 |          3 |          1 |          1 |          0 |          0 |          0 |          0 |          1 |          1 |          1 |          0 |          1 |          0 |          0 |          0 |          0 |          0 |
| 700  |          3 |          4 |          3 |          1 |          1 |          0 |          0 |          0 |          0 |          1 |          1 |          1 |          0 |          1 |          0 |          0 |          0 |          0 |          0 |
| 701  |          3 |          4 |          3 |          1 |          1 |          0 |          0 |          0 |          0 |          1 |          1 |          1 |          0 |          1 |          0 |          0 |          0 |          0 |          0 |
| 702  |          3 |          4 |          3 |          1 |          1 |          0 |          0 |          0 |          0 |          1 |          1 |          1 |          0 |          1 |          0 |          0 |          0 |          0 |          0 |
| 703  |          3 |          4 |          3 |          1 |          1 |          0 |          0 |          0 |          0 |          1 |          1 |          1 |          0 |          1 |          0 |          0 |          0 |          0 |          0 |
| 704  |          3 |          4 |          3 |          1 |          1 |          0 |          0 |          0 |          0 |          1 |          1 |          1 |          0 |          1 |          0 |          0 |          0 |          0 |          0 |
| 705  |          3 |          4 |          3 |          1 |          1 |          0 |          0 |          0 |          0 |          1 |          1 |          1 |          0 |          1 |          0 |          0 |          0 |          0 |          0 |
| 706  |          3 |          4 |          3 |          1 |          1 |          0 |          0 |          0 |          0 |          1 |          1 |          1 |          0 |          1 |          0 |          0 |          0 |          0 |          0 |
| 707  |          3 |          4 |          3 |          1 |          1 |          0 |          0 |          0 |          0 |          1 |          1 |          1 |          0 |          1 |          0 |          0 |          0 |          0 |          0 |
| 708  |          3 |          4 |          3 |          1 |          1 |          0 |          0 |          0 |          0 |          1 |          1 |          1 |          0 |          1 |          0 |          0 |          0 |          0 |          0 |
| 709  |          3 |          4 |          3 |          1 |          1 |          0 |          0 |          0 |          0 |          1 |          1 |          1 |          0 |          1 |          0 |          0 |          0 |          0 |          0 |
| 710  |          3 |          4 |          3 |          1 |          1 |          0 |          0 |          0 |          0 |          1 |          1 |          1 |          0 |          1 |          0 |          0 |          0 |          0 |          0 |
| 711  |          3 |          4 |          3 |          1 |          1 |          0 |          0 |          0 |          0 |          1 |          1 |          1 |          0 |          1 |          0 |          0 |          0 |          0 |          0 |
| 712  |          3 |          5 |          3 |          1 |          1 |          0 |          0 |          0 |          0 |          1 |          1 |          1 |          0 |          1 |          0 |          0 |          0 |          0 |          0 |
| 713  |          3 |          5 |          3 |          1 |          1 |          0 |          0 |          0 |          0 |          1 |          1 |          1 |          0 |          1 |          0 |          0 |          0 |          0 |          0 |
| 714  |          3 |          5 |          3 |          1 |          1 |          0 |          0 |          0 |          0 |          1 |          1 |          1 |          0 |          1 |          0 |          0 |          0 |          0 |          0 |
| 715  |          3 |          5 |          3 |          1 |          1 |          0 |          0 |          0 |          0 |          1 |          1 |          1 |          0 |          1 |          0 |          0 |          0 |          0 |          0 |
| 716  |          3 |          5 |          3 |          1 |          1 |          0 |          0 |          0 |          0 |          1 |          1 |          1 |          0 |          1 |          0 |          0 |          0 |          0 |          0 |
| 717  |          3 |          5 |          3 |          1 |          1 |          0 |          0 |          0 |          0 |          1 |          1 |          1 |          0 |          1 |          0 |          0 |          0 |          0 |          0 |
| 718  |          3 |          5 |          3 |          1 |          1 |          0 |          0 |          0 |          0 |          1 |          1 |          1 |          0 |          1 |          0 |          0 |          0 |          0 |          0 |
| 719  |          3 |          5 |          3 |          1 |          1 |          0 |          0 |          0 |          0 |          1 |          1 |          1 |          0 |          1 |          0 |          0 |          0 |          0 |          0 |
| 720  |          3 |          5 |          3 |          1 |          1 |          0 |          0 |          0 |          0 |          1 |          1 |          1 |          0 |          1 |          0 |          0 |          0 |          0 |          0 |
| 721  |          3 |          5 |          3 |          1 |          1 |          0 |          0 |          0 |          0 |          1 |          1 |          1 |          0 |          1 |          0 |          0 |          0 |          0 |          0 |
| 722  |          3 |          5 |          3 |          1 |          1 |          0 |          0 |          0 |          0 |          1 |          1 |          1 |          0 |          1 |          0 |          0 |          0 |          0 |          0 |
| 723  |          3 |          5 |          3 |          1 |          1 |          0 |          0 |          0 |          0 |          1 |          1 |          1 |          0 |          1 |          0 |          0 |          0 |          0 |          0 |
| 724  |          3 |          5 |          3 |          1 |          1 |          0 |          0 |          0 |          0 |          1 |          1 |          1 |          0 |          1 |          0 |          0 |          0 |          0 |          0 |
| 725  |          3 |          5 |          3 |          1 |          1 |          0 |          0 |          0 |          0 |          1 |          1 |          1 |          0 |          1 |          0 |          0 |          0 |          0 |          0 |
| 726  |          3 |          5 |          3 |          1 |          1 |          0 |          0 |          0 |          0 |          1 |          1 |          1 |          0 |          1 |          0 |          0 |          0 |          0 |          0 |
| 727  |          3 |          5 |          3 |          1 |          1 |          0 |          0 |          0 |          0 |          1 |          1 |          1 |          0 |          1 |          0 |          0 |          0 |          0 |          0 |
| 728  |          3 |          5 |          3 |          1 |          1 |          0 |          0 |          0 |          0 |          1 |          1 |          1 |          0 |          1 |          0 |          0 |          0 |          0 |          0 |
| 729  |          3 |          5 |          3 |          1 |          1 |          0 |          0 |          0 |          0 |          1 |          1 |          1 |          0 |          1 |          0 |          0 |          0 |          0 |          0 |
| 730  |          3 |          5 |          3 |          1 |          1 |          0 |          0 |          0 |          0 |          1 |          1 |          1 |          0 |          1 |          0 |          0 |          0 |          0 |          0 |
| 731  |          3 |          5 |          3 |          1 |          1 |          0 |          0 |          0 |          0 |          1 |          1 |          1 |          0 |          1 |          0 |          0 |          0 |          0 |          0 |
| 732  |          3 |          5 |          3 |          1 |          1 |          0 |          0 |          0 |          0 |          1 |          1 |          1 |          0 |          1 |          0 |          0 |          0 |          0 |          0 |
| 733  |          3 |          5 |          3 |          1 |          1 |          0 |          0 |          0 |          0 |          1 |          1 |          1 |          0 |          1 |          0 |          0 |          0 |          0 |          0 |
| 734  |          3 |          5 |          3 |          1 |          1 |          0 |          0 |          0 |          0 |          1 |          1 |          1 |          0 |          1 |          0 |          0 |          0 |          0 |          0 |
| 735  |          3 |          5 |          3 |          1 |          1 |          0 |          0 |          0 |          0 |          1 |          1 |          1 |          0 |          1 |          0 |          0 |          0 |          0 |          0 |
| 736  |          3 |          5 |          3 |          1 |          1 |          0 |          0 |          0 |          0 |          1 |          1 |          1 |          0 |          1 |          0 |          0 |          0 |          0 |          0 |
| 737  |          3 |          5 |          3 |          1 |          1 |          0 |          0 |          0 |          0 |          1 |          1 |          1 |          0 |          1 |          0 |          0 |          0 |          0 |          0 |
| 738  |          3 |          6 |          3 |          1 |          1 |          0 |          0 |          0 |          0 |          1 |          1 |          1 |          0 |          1 |          0 |          0 |          0 |          0 |          0 |
| 739  |          3 |          6 |          3 |          1 |          1 |          0 |          0 |          0 |          0 |          1 |          1 |          1 |          0 |          1 |          0 |          0 |          0 |          0 |          0 |
| 740  |          3 |          6 |          3 |          1 |          1 |          0 |          0 |          0 |          0 |          1 |          1 |          1 |          0 |          1 |          0 |          0 |          0 |          0 |          0 |
| 741  |          3 |          6 |          3 |          1 |          1 |          0 |          0 |          0 |          0 |          1 |          1 |          1 |          0 |          1 |          0 |          0 |          0 |          0 |          0 |
| 742  |          3 |          6 |          3 |          1 |          1 |          0 |          0 |          0 |          0 |          1 |          1 |          1 |          0 |          1 |          0 |          0 |          0 |          0 |          0 |
| 743  |          3 |          6 |          3 |          1 |          1 |          0 |          0 |          0 |          0 |          1 |          1 |          1 |          0 |          1 |          0 |          0 |          0 |          0 |          0 |
| 744  |          3 |          6 |          3 |          1 |          1 |          0 |          0 |          0 |          0 |          1 |          1 |          1 |          0 |          1 |          0 |          0 |          0 |          0 |          0 |
| 745  |          3 |          6 |          3 |          1 |          1 |          0 |          0 |          0 |          0 |          1 |          1 |          1 |          0 |          1 |          0 |          0 |          0 |          0 |          0 |
| 746  |          3 |          6 |          3 |          1 |          1 |          0 |          0 |          0 |          0 |          1 |          1 |          1 |          0 |          1 |          0 |          0 |          0 |          0 |          0 |
| 747  |          3 |          6 |          3 |          1 |          1 |          0 |          0 |          0 |          0 |          1 |          1 |          1 |          0 |          1 |          0 |          0 |          0 |          0 |          0 |
| 748  |          3 |          6 |          3 |          1 |          1 |          0 |          0 |          0 |          0 |          1 |          1 |          1 |          0 |          1 |          0 |          0 |          0 |          0 |          0 |
| 749  |          3 |          6 |          3 |          1 |          1 |          0 |          0 |          0 |          0 |          1 |          1 |          1 |          0 |          1 |          0 |          0 |          0 |          0 |          0 |
| 750  |          3 |          6 |          3 |          1 |          1 |          0 |          0 |          0 |          0 |          1 |          1 |          1 |          0 |          1 |          0 |          0 |          0 |          0 |          0 |
| 751  |          3 |          6 |          3 |          1 |          1 |          0 |          0 |          0 |          0 |          1 |          1 |          1 |          0 |          1 |          0 |          0 |          0 |          0 |          0 |
| 752  |          3 |          6 |          3 |          1 |          1 |          0 |          0 |          0 |          0 |          1 |          1 |          1 |          0 |          1 |          0 |          0 |          0 |          0 |          0 |
| 753  |          3 |          6 |          3 |          0 |          1 |          0 |          0 |          0 |          0 |          1 |          1 |          1 |          0 |          1 |          0 |          0 |          0 |          0 |          0 |
| 754  |          3 |          6 |          3 |          0 |          1 |          0 |          0 |          0 |          0 |          1 |          1 |          1 |          0 |          1 |          0 |          0 |          0 |          0 |          0 |
| 755  |          3 |          6 |          3 |          0 |          1 |          0 |          0 |          0 |          0 |          1 |          1 |          1 |          0 |          1 |          0 |          0 |          0 |          0 |          0 |
| 756  |          3 |          6 |          3 |          0 |          1 |          0 |          0 |          0 |          0 |          1 |          1 |          1 |          0 |          1 |          0 |          0 |          0 |          0 |          0 |
| 757  |          3 |          6 |          3 |          0 |          1 |          0 |          0 |          0 |          0 |          1 |          1 |          1 |          0 |          1 |          0 |          0 |          0 |          0 |          0 |
| 758  |          3 |          6 |          3 |          0 |          1 |          0 |          0 |          0 |          0 |          1 |          1 |          1 |          0 |          1 |          0 |          0 |          0 |          0 |          0 |
| 759  |          3 |          6 |          3 |          0 |          1 |          0 |          0 |          0 |          0 |          1 |          1 |          1 |          0 |          1 |          0 |          0 |          0 |          0 |          0 |
| 760  |          3 |          6 |          3 |          0 |          1 |          0 |          0 |          0 |          0 |          1 |          1 |          1 |          0 |          1 |          0 |          0 |          0 |          0 |          0 |
| 761  |          3 |          6 |          3 |          0 |          1 |          0 |          0 |          0 |          0 |          1 |          1 |          1 |          0 |          1 |          0 |          0 |          0 |          0 |          0 |
| 762  |          3 |          6 |          3 |          0 |          1 |          0 |          0 |          0 |          0 |          1 |          1 |          1 |          0 |          1 |          0 |          0 |          0 |          0 |          0 |
| 763  |          3 |          6 |          3 |          0 |          1 |          0 |          0 |          0 |          0 |          1 |          1 |          1 |          0 |          1 |          0 |          0 |          0 |          0 |          0 |
| 764  |          3 |          6 |          3 |          0 |          1 |          0 |          0 |          0 |          0 |          1 |          1 |          1 |          0 |          1 |          0 |          0 |          0 |          0 |          0 |
| 765  |          3 |          6 |          3 |          0 |          1 |          0 |          0 |          0 |          0 |          1 |          1 |          1 |          0 |          1 |          0 |          0 |          0 |          0 |          0 |
| 766  |          3 |          6 |          6 |          0 |          1 |          0 |          0 |          0 |          0 |          1 |          1 |          1 |          0 |          1 |          0 |          0 |          0 |          0 |          0 |
| 767  |          3 |          6 |          6 |          0 |          1 |          0 |          0 |          0 |          0 |          1 |          1 |          1 |          0 |          1 |          0 |          0 |          0 |          0 |          0 |
| 768  |          3 |          7 |          6 |          0 |          1 |          0 |          0 |          0 |          0 |          1 |          1 |          1 |          0 |          1 |          0 |          0 |          0 |          0 |          0 |
| 769  |          3 |          7 |          6 |          0 |          1 |          0 |          0 |          0 |          0 |          1 |          1 |          1 |          0 |          1 |          0 |          0 |          0 |          0 |          0 |
| 770  |          3 |          7 |          6 |          0 |          1 |          0 |          0 |          0 |          0 |          1 |          1 |          1 |          0 |          1 |          0 |          0 |          0 |          0 |          0 |
| 771  |          3 |          7 |          6 |          0 |          1 |          0 |          0 |          0 |          0 |          1 |          1 |          1 |          0 |          1 |          0 |          0 |          0 |          0 |          0 |
| 772  |          3 |          7 |          6 |          0 |          1 |          0 |          0 |          0 |          0 |          1 |          1 |          1 |          0 |          1 |          0 |          0 |          0 |          0 |          0 |
| 773  |          3 |          7 |          6 |          0 |          1 |          0 |          0 |          0 |          0 |          1 |          1 |          1 |          0 |          1 |          0 |          0 |          0 |          0 |          0 |
| 774  |          3 |          7 |          6 |          0 |          1 |          0 |          0 |          0 |          0 |          1 |          1 |          1 |          0 |          1 |          0 |          0 |          0 |          0 |          0 |
| 775  |          3 |          7 |          6 |          0 |          1 |          0 |          0 |          0 |          0 |          1 |          1 |          1 |          0 |          1 |          0 |          0 |          0 |          0 |          0 |
| 776  |          3 |          7 |          6 |          0 |          1 |          0 |          0 |          0 |          0 |          1 |          1 |          1 |          0 |          1 |          0 |          0 |          0 |          0 |          0 |
| 777  |          3 |          7 |          6 |          0 |          1 |          0 |          0 |          0 |          0 |          1 |          1 |          1 |          0 |          1 |          0 |          0 |          0 |          0 |          0 |
| 778  |          3 |          7 |          6 |          0 |          1 |          0 |          0 |          0 |          0 |          1 |          1 |          1 |          0 |          1 |          0 |          0 |          0 |          0 |          0 |
| 779  |          3 |          7 |          6 |          0 |          1 |          0 |          0 |          0 |          0 |          1 |          1 |          1 |          0 |          1 |          0 |          0 |          0 |          0 |          0 |
| 780  |          3 |          7 |          6 |          0 |          1 |          0 |          0 |          0 |          0 |          1 |          1 |          1 |          0 |          1 |          0 |          0 |          0 |          0 |          0 |
| 781  |          3 |          7 |          6 |          0 |          1 |          0 |          0 |          0 |          0 |          1 |          1 |          1 |          0 |          1 |          0 |          0 |          0 |          0 |          0 |
| 782  |          3 |          7 |          6 |          0 |          1 |          0 |          0 |          0 |          0 |          1 |          1 |          1 |          0 |          1 |          0 |          0 |          0 |          0 |          0 |
| 783  |          3 |          7 |          6 |          1 |          1 |          0 |          0 |          0 |          0 |          1 |          1 |          1 |          0 |          1 |          0 |          0 |          0 |          0 |          0 |
| 784  |          3 |          7 |          6 |          1 |          1 |          0 |          0 |          0 |          0 |          1 |          1 |          1 |          0 |          1 |          0 |          0 |          0 |          0 |          0 |
| 785  |          3 |          7 |          6 |          1 |          1 |          0 |          0 |          0 |          0 |          1 |          1 |          1 |          0 |          1 |          0 |          0 |          0 |          0 |          0 |
| 786  |          3 |          7 |          6 |          1 |          1 |          0 |          0 |          0 |          0 |          1 |          1 |          1 |          0 |          1 |          0 |          0 |          0 |          0 |          0 |
| 787  |          3 |          7 |          6 |          1 |          1 |          0 |          0 |          0 |          0 |          1 |          1 |          1 |          0 |          1 |          0 |          0 |          0 |          0 |          0 |
| 788  |          3 |          7 |          6 |          1 |          1 |          0 |          0 |          0 |          0 |          1 |          1 |          1 |          0 |          1 |          0 |          0 |          0 |          0 |          0 |
| 789  |          3 |          7 |          6 |          1 |          1 |          0 |          0 |          0 |          0 |          1 |          1 |          1 |          0 |          1 |          0 |          0 |          0 |          0 |          0 |
| 790  |          3 |          7 |          6 |          1 |          1 |          0 |          0 |          0 |          0 |          1 |          1 |          1 |          0 |          1 |          0 |          0 |          0 |          0 |          0 |
| 791  |          3 |          7 |          6 |          1 |          1 |          0 |          0 |          0 |          0 |          1 |          1 |          1 |          0 |          1 |          0 |          0 |          0 |          0 |          0 |
| 792  |          3 |          7 |          6 |          1 |          1 |          0 |          0 |          0 |          0 |          1 |          1 |          1 |          0 |          1 |          0 |          0 |          0 |          0 |          0 |
| 793  |          3 |          7 |          6 |          1 |          1 |          0 |          0 |          0 |          0 |          1 |          1 |          1 |          0 |          1 |          0 |          0 |          0 |          0 |          0 |
| 794  |          3 |          8 |          6 |          1 |          1 |          0 |          0 |          0 |          0 |          1 |          1 |          1 |          0 |          1 |          0 |          0 |          0 |          0 |          0 |
| 795  |          3 |          8 |          6 |          1 |          1 |          0 |          0 |          0 |          0 |          1 |          1 |          1 |          0 |          1 |          0 |          0 |          0 |          0 |          0 |
| 796  |          3 |          8 |          6 |          1 |          1 |          0 |          0 |          0 |          0 |          1 |          1 |          1 |          0 |          1 |          0 |          0 |          0 |          0 |          0 |
| 797  |          3 |          8 |          6 |          1 |          1 |          0 |          0 |          0 |          0 |          1 |          1 |          1 |          0 |          1 |          0 |          0 |          0 |          0 |          0 |
| 798  |          3 |          8 |          6 |          1 |          1 |          0 |          0 |          0 |          0 |          1 |          1 |          1 |          0 |          1 |          0 |          0 |          0 |          0 |          0 |
| 799  |          3 |          8 |          6 |          1 |          1 |          0 |          0 |          0 |          0 |          1 |          1 |          1 |          0 |          1 |          0 |          0 |          0 |          0 |          0 |
| 800  |          3 |          8 |          6 |          1 |          1 |          0 |          0 |          0 |          0 |          1 |          1 |          1 |          0 |          1 |          0 |          0 |          0 |          0 |          0 |
| 801  |          3 |          8 |          6 |          1 |          1 |          0 |          0 |          0 |          0 |          1 |          1 |          1 |          0 |          1 |          0 |          0 |          0 |          0 |          0 |
| 802  |          3 |          8 |          6 |          1 |          1 |          0 |          0 |          0 |          0 |          1 |          1 |          1 |          0 |          1 |          0 |          0 |          0 |          0 |          0 |
| 803  |          3 |          8 |          6 |          1 |          1 |          0 |          0 |          0 |          0 |          1 |          1 |          1 |          0 |          1 |          0 |          0 |          0 |          0 |          0 |
| 804  |          3 |          8 |          6 |          1 |          1 |          0 |          0 |          0 |          0 |          1 |          1 |          1 |          0 |          1 |          0 |          0 |          0 |          0 |          0 |
| 805  |          3 |          8 |          6 |          1 |          1 |          0 |          0 |          0 |          0 |          1 |          1 |          1 |          0 |          1 |          0 |          0 |          0 |          0 |          0 |
| 806  |          3 |          8 |          6 |          1 |          1 |          0 |          0 |          0 |          0 |          1 |          1 |          1 |          0 |          1 |          0 |          0 |          0 |          0 |          0 |
| 807  |          3 |          8 |          6 |          1 |          1 |          0 |          0 |          0 |          0 |          1 |          1 |          1 |          0 |          1 |          0 |          0 |          0 |          0 |          0 |
| 808  |          3 |          8 |          6 |          1 |          1 |          0 |          0 |          0 |          0 |          1 |          1 |          1 |          0 |          1 |          0 |          0 |          0 |          0 |          0 |
| 809  |          3 |          8 |          6 |          1 |          1 |          0 |          0 |          0 |          0 |          1 |          1 |          1 |          0 |          1 |          0 |          0 |          0 |          0 |          0 |
| 810  |          3 |          8 |          6 |          1 |          1 |          0 |          0 |          0 |          0 |          1 |          1 |          1 |          0 |          1 |          0 |          0 |          0 |          0 |          0 |
| 811  |          3 |          8 |          6 |          1 |          1 |          0 |          0 |          0 |          0 |          1 |          1 |          1 |          0 |          1 |          0 |          0 |          0 |          0 |          0 |
| 812  |          3 |          8 |          6 |          1 |          1 |          0 |          0 |          0 |          0 |          1 |          1 |          1 |          0 |          1 |          0 |          0 |          0 |          0 |          0 |
| 813  |          3 |          8 |          6 |          1 |          1 |          0 |          0 |          0 |          0 |          1 |          1 |          1 |          0 |          1 |          0 |          0 |          0 |          0 |          0 |
| 814  |          3 |          8 |          6 |          1 |          1 |          0 |          0 |          0 |          0 |          1 |          1 |          1 |          0 |          1 |          0 |          0 |          0 |          0 |          0 |
| 815  |          3 |          8 |          6 |          1 |          1 |          0 |          0 |          0 |          0 |          1 |          1 |          1 |          0 |          1 |          0 |          0 |          0 |          0 |          0 |
| 816  |          3 |          8 |          6 |          1 |          1 |          0 |          0 |          0 |          0 |          1 |          1 |          1 |          0 |          1 |          0 |          0 |          0 |          0 |          0 |
| 817  |          3 |          8 |          6 |          1 |          1 |          0 |          0 |          0 |          0 |          1 |          1 |          1 |          0 |          1 |          0 |          0 |          0 |          0 |          0 |
| 818  |          3 |          8 |          6 |          1 |          1 |          0 |          0 |          0 |          0 |          1 |          1 |          1 |          0 |          1 |          0 |          0 |          0 |          0 |          0 |
| 819  |          3 |          8 |          6 |          1 |          1 |          0 |          0 |          0 |          0 |          1 |          1 |          1 |          0 |          1 |          0 |          0 |          0 |          0 |          0 |
| 820  |          3 |          8 |          6 |          1 |          1 |          0 |          0 |          0 |          0 |          1 |          1 |          1 |          0 |          1 |          0 |          0 |          0 |          0 |          0 |
| 821  |          3 |          8 |          6 |          1 |          1 |          0 |          0 |          0 |          0 |          1 |          1 |          1 |          0 |          1 |          0 |          0 |          0 |          0 |          0 |
| 822  |          3 |          8 |          6 |          1 |          1 |          0 |          0 |          0 |          0 |          1 |          1 |          1 |          0 |          1 |          0 |          0 |          0 |          0 |          0 |
| 823  |          3 |          8 |          6 |          1 |          1 |          0 |          0 |          0 |          0 |          1 |          1 |          1 |          0 |          1 |          0 |          0 |          0 |          0 |          0 |
| 824  |          3 |          8 |          6 |          1 |          1 |          0 |          0 |          0 |          0 |          1 |          1 |          1 |          0 |          1 |          0 |          0 |          0 |          0 |          0 |
| 825  |          3 |          8 |          6 |          1 |          1 |          0 |          0 |          0 |          0 |          1 |          1 |          1 |          0 |          1 |          0 |          0 |          0 |          0 |          0 |
| 826  |          3 |          8 |          6 |          1 |          1 |          0 |          0 |          0 |          0 |          0 |          1 |          1 |          0 |          1 |          0 |          0 |          0 |          0 |          0 |
| 827  |          3 |          8 |          6 |          1 |          1 |          0 |          0 |          0 |          0 |          0 |          1 |          1 |          0 |          1 |          0 |          0 |          0 |          0 |          0 |
| 828  |          3 |          8 |          6 |          1 |          1 |          0 |          0 |          0 |          0 |          0 |          1 |          1 |          0 |          1 |          0 |          0 |          0 |          0 |          0 |
| 829  |          3 |          8 |          6 |          1 |          1 |          0 |          0 |          0 |          0 |          0 |          1 |          1 |          0 |          1 |          0 |          0 |          0 |          0 |          0 |
| 830  |          3 |          8 |          6 |          1 |          1 |          0 |          0 |          0 |          0 |          0 |          1 |          1 |          0 |          1 |          0 |          0 |          0 |          0 |          0 |
| 831  |          3 |          8 |          6 |          1 |          1 |          0 |          0 |          0 |          0 |          0 |          1 |          1 |          0 |          1 |          0 |          0 |          0 |          0 |          0 |
| 832  |          3 |          8 |          6 |          1 |          1 |          0 |          0 |          0 |          0 |          0 |          1 |          1 |          0 |          1 |          0 |          0 |          0 |          0 |          0 |
| 833  |          3 |          8 |          6 |          1 |          1 |          0 |          0 |          0 |          0 |          0 |          1 |          1 |          0 |          1 |          0 |          0 |          0 |          0 |          0 |
| 834  |          3 |          8 |          6 |          1 |          1 |          0 |          0 |          0 |          0 |          0 |          1 |          1 |          0 |          1 |          0 |          0 |          0 |          0 |          0 |
| 835  |          3 |          8 |          6 |          1 |          1 |          0 |          0 |          0 |          0 |          0 |          1 |          1 |          0 |          1 |          0 |          0 |          0 |          0 |          0 |
| 836  |          3 |          8 |          6 |          1 |          1 |          0 |          0 |          0 |          0 |          0 |          1 |          1 |          1 |          1 |          0 |          0 |          0 |          0 |          0 |
| 837  |          3 |          8 |          6 |          1 |          1 |          0 |          0 |          0 |          0 |          0 |          1 |          1 |          1 |          1 |          0 |          0 |          0 |          0 |          0 |
| 838  |          4 |          8 |          6 |          1 |          1 |          0 |          0 |          0 |          0 |          0 |          1 |          1 |          1 |          1 |          0 |          0 |          0 |          0 |          0 |
| 839  |          4 |          8 |          6 |          1 |          1 |          0 |          0 |          0 |          0 |          0 |          1 |          1 |          1 |          1 |          0 |          0 |          0 |          0 |          0 |
| 840  |          4 |          8 |          6 |          1 |          1 |          0 |          0 |          0 |          0 |          0 |          1 |          1 |          1 |          1 |          0 |          0 |          0 |          0 |          0 |
| 841  |          4 |          8 |          6 |          1 |          1 |          0 |          0 |          0 |          0 |          0 |          1 |          1 |          1 |          1 |          0 |          0 |          0 |          0 |          0 |
| 842  |          4 |          8 |          6 |          1 |          1 |          0 |          0 |          0 |          0 |          0 |          1 |          1 |          1 |          1 |          0 |          0 |          0 |          0 |          0 |
| 843  |          4 |          8 |          6 |          1 |          1 |          0 |          0 |          0 |          0 |          0 |          1 |          1 |          1 |          1 |          0 |          0 |          0 |          0 |          0 |
| 844  |          4 |          8 |          6 |          1 |          1 |          0 |          0 |          0 |          0 |          0 |          1 |          1 |          1 |          1 |          0 |          0 |          0 |          0 |          0 |
| 845  |          4 |          8 |          6 |          1 |          1 |          0 |          0 |          0 |          0 |          0 |          1 |          1 |          1 |          1 |          0 |          0 |          0 |          0 |          0 |
| 846  |          4 |          8 |          6 |          1 |          1 |          0 |          0 |          0 |          0 |          0 |          1 |          1 |          1 |          1 |          0 |          0 |          0 |          0 |          0 |
| 847  |          4 |          8 |          6 |          1 |          1 |          0 |          0 |          0 |          0 |          0 |          1 |          1 |          1 |          1 |          0 |          0 |          0 |          0 |          0 |
| 848  |          4 |          8 |          6 |          1 |          1 |          0 |          0 |          0 |          0 |          0 |          1 |          1 |          1 |          1 |          0 |          0 |          0 |          0 |          0 |
| 849  |          4 |          8 |          6 |          1 |          1 |          0 |          0 |          0 |          0 |          0 |          1 |          1 |          1 |          1 |          0 |          0 |          0 |          0 |          0 |
| 850  |          4 |          8 |          4 |          1 |          1 |          0 |          0 |          0 |          0 |          0 |          1 |          1 |          1 |          1 |          0 |          0 |          0 |          0 |          0 |
| 851  |          4 |          8 |          4 |          1 |          1 |          0 |          0 |          0 |          0 |          0 |          1 |          1 |          1 |          1 |          0 |          0 |          0 |          0 |          0 |
| 852  |          4 |          8 |          4 |          1 |          1 |          0 |          0 |          0 |          0 |          0 |          1 |          1 |          1 |          1 |          0 |          0 |          0 |          0 |          0 |
| 853  |          4 |          8 |          4 |          1 |          1 |          0 |          0 |          0 |          0 |          0 |          1 |          1 |          1 |          1 |          0 |          0 |          0 |          0 |          0 |
| 854  |          4 |          5 |          4 |          1 |          1 |          0 |          0 |          0 |          0 |          0 |          1 |          1 |          1 |          1 |          0 |          0 |          0 |          0 |          0 |
| 855  |          4 |          5 |          4 |          1 |          1 |          0 |          0 |          0 |          0 |          0 |          1 |          1 |          1 |          1 |          0 |          0 |          0 |          0 |          0 |
| 856  |          4 |          5 |          4 |          1 |          1 |          0 |          0 |          0 |          0 |          0 |          1 |          1 |          1 |          1 |          0 |          0 |          0 |          0 |          0 |
| 857  |          4 |          5 |          4 |          1 |          1 |          0 |          0 |          0 |          0 |          0 |          1 |          1 |          1 |          1 |          0 |          0 |          0 |          0 |          0 |
| 858  |          4 |          5 |          4 |          1 |          1 |          0 |          0 |          0 |          0 |          0 |          1 |          1 |          1 |          1 |          0 |          0 |          0 |          0 |          0 |
| 859  |          4 |          5 |          4 |          1 |          1 |          0 |          0 |          0 |          0 |          0 |          1 |          1 |          1 |          1 |          0 |          0 |          0 |          0 |          0 |
| 860  |          4 |          5 |          4 |          1 |          1 |          0 |          0 |          0 |          0 |          0 |          1 |          1 |          1 |          1 |          0 |          0 |          0 |          0 |          0 |
| 861  |          4 |          5 |          4 |          1 |          1 |          0 |          0 |          0 |          0 |          0 |          1 |          1 |          1 |          1 |          0 |          0 |          0 |          0 |          0 |
| 862  |          4 |          5 |          4 |          1 |          1 |          0 |          0 |          0 |          0 |          0 |          1 |          1 |          1 |          1 |          0 |          0 |          0 |          0 |          0 |
| 863  |          4 |          5 |          4 |          1 |          1 |          0 |          0 |          0 |          0 |          0 |          1 |          1 |          1 |          1 |          0 |          0 |          0 |          0 |          0 |
| 864  |          4 |          5 |          4 |          1 |          1 |          0 |          0 |          0 |          0 |          0 |          1 |          1 |          1 |          1 |          0 |          0 |          0 |          0 |          0 |
| 865  |          4 |          5 |          4 |          1 |          1 |          0 |          0 |          0 |          0 |          0 |          1 |          1 |          1 |          1 |          0 |          0 |          0 |          0 |          0 |
| 866  |          4 |          5 |          4 |          1 |          1 |          0 |          0 |          0 |          0 |          0 |          1 |          1 |          1 |          1 |          0 |          0 |          0 |          0 |          0 |
| 867  |          4 |          5 |          4 |          1 |          1 |          0 |          0 |          0 |          0 |          0 |          1 |          1 |          1 |          1 |          0 |          0 |          0 |          0 |          0 |
| 868  |          4 |          5 |          4 |          1 |          1 |          0 |          0 |          0 |          0 |          0 |          1 |          1 |          1 |          1 |          0 |          0 |          0 |          0 |          0 |
| 869  |          4 |          5 |          4 |          1 |          1 |          0 |          0 |          0 |          0 |          0 |          1 |          1 |          1 |          1 |          0 |          0 |          0 |          0 |          0 |
| 870  |          4 |          5 |          4 |          1 |          1 |          0 |          0 |          0 |          0 |          0 |          1 |          1 |          1 |          1 |          0 |          0 |          0 |          0 |          0 |
| 871  |          4 |          5 |          4 |          1 |          1 |          0 |          0 |          0 |          0 |          0 |          1 |          1 |          1 |          1 |          0 |          0 |          0 |          0 |          0 |
| 872  |          4 |          5 |          4 |          1 |          1 |          0 |          0 |          0 |          0 |          0 |          1 |          1 |          1 |          1 |          0 |          0 |          0 |          0 |          0 |
| 873  |          4 |          5 |          4 |          1 |          1 |          0 |          0 |          0 |          0 |          0 |          1 |          1 |          1 |          1 |          0 |          0 |          0 |          0 |          0 |
| 874  |          4 |          5 |          4 |          1 |          1 |          0 |          0 |          0 |          0 |          0 |          1 |          1 |          1 |          1 |          0 |          0 |          0 |          0 |          0 |
| 875  |          4 |          5 |          4 |          1 |          1 |          0 |          0 |          0 |          0 |          0 |          1 |          1 |          1 |          1 |          0 |          0 |          0 |          0 |          0 |
| 876  |          4 |          5 |          4 |          1 |          1 |          0 |          0 |          0 |          0 |          0 |          1 |          1 |          1 |          1 |          0 |          0 |          0 |          0 |          0 |
| 877  |          4 |          5 |          4 |          1 |          1 |          0 |          0 |          0 |          0 |          0 |          1 |          1 |          1 |          1 |          0 |          0 |          0 |          0 |          0 |
| 878  |          4 |          6 |          4 |          1 |          1 |          0 |          0 |          0 |          0 |          0 |          1 |          1 |          1 |          1 |          0 |          0 |          0 |          0 |          0 |
| 879  |          4 |          6 |          4 |          1 |          1 |          0 |          0 |          0 |          0 |          0 |          1 |          1 |          1 |          1 |          0 |          0 |          0 |          0 |          0 |
| 880  |          4 |          6 |          4 |          1 |          1 |          0 |          0 |          0 |          0 |          0 |          1 |          1 |          1 |          1 |          0 |          0 |          0 |          0 |          0 |
| 881  |          4 |          6 |          4 |          1 |          1 |          0 |          0 |          0 |          0 |          0 |          1 |          1 |          1 |          1 |          0 |          0 |          0 |          0 |          0 |
| 882  |          4 |          6 |          4 |          1 |          1 |          0 |          0 |          0 |          0 |          0 |          1 |          1 |          1 |          1 |          0 |          0 |          0 |          0 |          0 |
| 883  |          4 |          6 |          4 |          1 |          1 |          0 |          0 |          0 |          0 |          0 |          1 |          1 |          1 |          1 |          0 |          0 |          0 |          0 |          0 |
| 884  |          4 |          6 |          4 |          1 |          1 |          0 |          0 |          0 |          0 |          0 |          1 |          1 |          1 |          1 |          0 |          0 |          0 |          0 |          0 |
| 885  |          4 |          6 |          4 |          1 |          1 |          0 |          0 |          0 |          0 |          0 |          1 |          1 |          1 |          1 |          0 |          0 |          0 |          0 |          0 |
| 886  |          4 |          6 |          4 |          1 |          1 |          0 |          0 |          0 |          0 |          0 |          1 |          1 |          1 |          1 |          0 |          0 |          0 |          0 |          0 |
| 887  |          4 |          6 |          4 |          1 |          1 |          0 |          0 |          0 |          0 |          0 |          1 |          1 |          1 |          1 |          0 |          0 |          0 |          0 |          0 |
| 888  |          4 |          6 |          4 |          1 |          1 |          0 |          0 |          0 |          0 |          0 |          1 |          1 |          1 |          1 |          0 |          0 |          0 |          0 |          0 |
| 889  |          4 |          6 |          4 |          1 |          1 |          0 |          0 |          0 |          0 |          0 |          1 |          1 |          1 |          1 |          0 |          0 |          0 |          0 |          0 |
| 890  |          4 |          6 |          4 |          1 |          1 |          0 |          0 |          0 |          0 |          0 |          1 |          1 |          1 |          1 |          0 |          0 |          0 |          0 |          0 |
| 891  |          4 |          6 |          4 |          1 |          1 |          0 |          0 |          0 |          0 |          0 |          1 |          1 |          1 |          1 |          0 |          0 |          0 |          0 |          0 |
| 892  |          4 |          6 |          4 |          1 |          1 |          0 |          0 |          0 |          0 |          0 |          1 |          1 |          1 |          1 |          0 |          0 |          0 |          0 |          0 |
| 893  |          4 |          6 |          4 |          1 |          1 |          0 |          0 |          0 |          0 |          0 |          1 |          1 |          1 |          1 |          0 |          0 |          0 |          0 |          0 |
| 894  |          4 |          6 |          4 |          1 |          1 |          0 |          0 |          0 |          0 |          0 |          1 |          1 |          1 |          1 |          0 |          0 |          0 |          0 |          0 |
| 895  |          4 |          6 |          4 |          1 |          1 |          0 |          0 |          0 |          0 |          0 |          1 |          1 |          1 |          1 |          0 |          0 |          0 |          0 |          0 |
| 896  |          4 |          6 |          4 |          1 |          1 |          0 |          0 |          0 |          0 |          0 |          1 |          1 |          1 |          1 |          0 |          0 |          0 |          0 |          0 |
| 897  |          4 |          6 |          4 |          1 |          1 |          0 |          0 |          0 |          0 |          0 |          1 |          1 |          1 |          1 |          0 |          0 |          0 |          0 |          0 |
| 898  |          4 |          6 |          4 |          1 |          1 |          0 |          0 |          0 |          0 |          0 |          1 |          1 |          1 |          1 |          0 |          0 |          0 |          0 |          0 |
| 899  |          4 |          6 |          4 |          1 |          1 |          0 |          0 |          0 |          0 |          0 |          1 |          1 |          1 |          1 |          0 |          0 |          0 |          0 |          0 |
| 900  |          4 |          6 |          4 |          1 |          1 |          0 |          0 |          0 |          0 |          0 |          1 |          1 |          1 |          1 |          0 |          0 |          0 |          0 |          0 |
| 901  |          4 |          6 |          4 |          1 |          1 |          0 |          0 |          0 |          0 |          0 |          1 |          1 |          1 |          1 |          0 |          0 |          0 |          0 |          0 |
| 902  |          4 |          6 |          4 |          1 |          1 |          0 |          0 |          0 |          0 |          0 |          1 |          1 |          1 |          1 |          0 |          0 |          0 |          0 |          0 |
| 903  |          4 |          6 |          4 |          1 |          1 |          0 |          0 |          0 |          0 |          0 |          1 |          1 |          1 |          1 |          0 |          0 |          0 |          0 |          0 |
| 904  |          4 |          7 |          4 |          1 |          1 |          0 |          0 |          0 |          0 |          0 |          1 |          1 |          1 |          1 |          0 |          0 |          0 |          0 |          0 |
| 905  |          4 |          7 |          4 |          1 |          1 |          0 |          0 |          0 |          0 |          0 |          1 |          1 |          1 |          1 |          0 |          0 |          0 |          0 |          0 |
| 906  |          4 |          7 |          4 |          1 |          1 |          0 |          0 |          0 |          0 |          0 |          1 |          1 |          1 |          1 |          0 |          0 |          0 |          0 |          0 |
| 907  |          4 |          7 |          4 |          1 |          1 |          0 |          0 |          0 |          0 |          0 |          1 |          1 |          1 |          1 |          0 |          0 |          0 |          0 |          0 |
| 908  |          4 |          7 |          4 |          1 |          1 |          0 |          0 |          0 |          0 |          0 |          1 |          1 |          1 |          1 |          0 |          0 |          0 |          0 |          0 |
| 909  |          4 |          7 |          4 |          1 |          1 |          0 |          0 |          0 |          0 |          0 |          1 |          1 |          1 |          1 |          0 |          0 |          0 |          0 |          0 |
| 910  |          4 |          7 |          4 |          1 |          1 |          0 |          0 |          0 |          0 |          0 |          1 |          1 |          1 |          1 |          0 |          0 |          0 |          0 |          0 |
| 911  |          4 |          7 |          4 |          1 |          1 |          0 |          0 |          0 |          0 |          0 |          1 |          1 |          1 |          1 |          0 |          0 |          0 |          0 |          0 |
| 912  |          4 |          7 |          4 |          1 |          1 |          0 |          0 |          0 |          0 |          0 |          1 |          1 |          1 |          1 |          0 |          0 |          0 |          0 |          0 |
| 913  |          4 |          7 |          4 |          1 |          1 |          0 |          0 |          0 |          0 |          0 |          1 |          1 |          1 |          1 |          0 |          0 |          0 |          0 |          0 |
| 914  |          4 |          7 |          4 |          1 |          1 |          0 |          0 |          0 |          0 |          0 |          1 |          1 |          1 |          1 |          0 |          0 |          0 |          0 |          0 |
| 915  |          4 |          7 |          4 |          1 |          1 |          0 |          0 |          0 |          0 |          0 |          1 |          1 |          1 |          1 |          0 |          0 |          0 |          0 |          0 |
| 916  |          4 |          7 |          4 |          1 |          1 |          0 |          0 |          0 |          0 |          0 |          1 |          1 |          1 |          1 |          0 |          0 |          0 |          0 |          0 |
| 917  |          4 |          7 |          4 |          1 |          1 |          0 |          0 |          0 |          0 |          0 |          1 |          1 |          1 |          1 |          0 |          0 |          0 |          0 |          0 |
| 918  |          4 |          7 |          4 |          1 |          1 |          0 |          0 |          0 |          0 |          0 |          1 |          1 |          1 |          1 |          0 |          0 |          0 |          0 |          0 |
| 919  |          4 |          7 |          4 |          1 |          1 |          0 |          0 |          0 |          0 |          0 |          1 |          1 |          1 |          1 |          0 |          0 |          0 |          0 |          0 |
| 920  |          4 |          7 |          4 |          1 |          1 |          0 |          0 |          0 |          0 |          0 |          1 |          1 |          1 |          1 |          0 |          0 |          0 |          0 |          0 |
| 921  |          4 |          7 |          4 |          1 |          1 |          0 |          0 |          0 |          0 |          0 |          1 |          1 |          1 |          1 |          0 |          0 |          0 |          0 |          0 |
| 922  |          4 |          7 |          4 |          1 |          1 |          0 |          0 |          0 |          0 |          0 |          1 |          1 |          1 |          1 |          0 |          0 |          0 |          0 |          0 |
| 923  |          4 |          7 |          4 |          1 |          1 |          0 |          0 |          0 |          0 |          0 |          1 |          1 |          1 |          1 |          0 |          0 |          0 |          0 |          0 |
| 924  |          4 |          7 |          4 |          1 |          1 |          0 |          0 |          0 |          0 |          0 |          1 |          1 |          1 |          1 |          0 |          0 |          0 |          0 |          0 |
| 925  |          4 |          7 |          4 |          1 |          1 |          0 |          0 |          0 |          0 |          0 |          1 |          1 |          1 |          1 |          0 |          0 |          0 |          0 |          0 |
| 926  |          4 |          7 |          4 |          1 |          1 |          0 |          0 |          0 |          0 |          0 |          1 |          1 |          1 |          1 |          0 |          0 |          0 |          0 |          0 |
| 927  |          4 |          7 |          4 |          1 |          1 |          0 |          0 |          0 |          0 |          0 |          1 |          1 |          1 |          1 |          0 |          0 |          0 |          0 |          0 |
| 928  |          4 |          7 |          4 |          1 |          1 |          0 |          0 |          0 |          0 |          0 |          1 |          1 |          1 |          1 |          0 |          0 |          0 |          0 |          0 |
| 929  |          4 |          7 |          4 |          1 |          1 |          0 |          0 |          0 |          0 |          0 |          1 |          1 |          1 |          1 |          0 |          0 |          0 |          0 |          0 |
| 930  |          4 |          8 |          4 |          1 |          1 |          0 |          0 |          0 |          0 |          0 |          1 |          1 |          1 |          1 |          0 |          0 |          0 |          0 |          0 |
| 931  |          4 |          8 |          4 |          1 |          1 |          0 |          0 |          0 |          0 |          0 |          1 |          1 |          1 |          1 |          0 |          0 |          0 |          0 |          0 |
| 932  |          4 |          8 |          4 |          1 |          1 |          0 |          0 |          0 |          0 |          0 |          1 |          1 |          1 |          1 |          0 |          0 |          0 |          0 |          0 |
| 933  |          4 |          8 |          4 |          1 |          1 |          0 |          0 |          0 |          0 |          0 |          1 |          1 |          1 |          1 |          0 |          0 |          0 |          0 |          0 |
| 934  |          4 |          8 |          4 |          1 |          1 |          0 |          0 |          0 |          0 |          0 |          1 |          1 |          1 |          1 |          0 |          0 |          0 |          0 |          0 |
| 935  |          4 |          8 |          4 |          1 |          1 |          0 |          0 |          0 |          0 |          0 |          1 |          1 |          1 |          1 |          0 |          0 |          0 |          0 |          0 |
| 936  |          4 |          8 |          4 |          1 |          1 |          0 |          0 |          0 |          0 |          0 |          1 |          1 |          1 |          1 |          0 |          0 |          0 |          0 |          0 |
| 937  |          4 |          8 |          4 |          1 |          1 |          0 |          0 |          0 |          0 |          0 |          1 |          1 |          1 |          1 |          0 |          0 |          0 |          0 |          0 |
| 938  |          4 |          8 |          4 |          1 |          1 |          0 |          0 |          0 |          0 |          0 |          1 |          1 |          1 |          1 |          0 |          0 |          0 |          0 |          0 |
| 939  |          4 |          8 |          4 |          1 |          1 |          0 |          0 |          0 |          0 |          0 |          1 |          1 |          1 |          1 |          0 |          0 |          0 |          0 |          0 |
| 940  |          4 |          8 |          4 |          1 |          1 |          0 |          0 |          0 |          0 |          0 |          1 |          1 |          1 |          1 |          0 |          0 |          0 |          0 |          0 |
| 941  |          4 |          8 |          4 |          1 |          1 |          0 |          0 |          0 |          0 |          0 |          1 |          1 |          1 |          1 |          0 |          0 |          0 |          0 |          0 |
| 942  |          4 |          8 |          4 |          1 |          1 |          0 |          0 |          0 |          0 |          0 |          1 |          1 |          1 |          1 |          0 |          0 |          0 |          0 |          0 |
| 943  |          4 |          8 |          4 |          1 |          1 |          0 |          0 |          0 |          0 |          0 |          1 |          1 |          1 |          1 |          0 |          0 |          0 |          0 |          0 |
| 944  |          4 |          8 |          4 |          1 |          1 |          0 |          0 |          0 |          0 |          0 |          1 |          1 |          1 |          1 |          0 |          0 |          0 |          0 |          0 |
| 945  |          4 |          8 |          4 |          1 |          1 |          0 |          0 |          0 |          0 |          0 |          1 |          1 |          1 |          1 |          0 |          0 |          0 |          0 |          0 |
| 946  |          4 |          8 |          4 |          1 |          1 |          0 |          0 |          0 |          0 |          0 |          1 |          1 |          1 |          1 |          0 |          0 |          0 |          0 |          0 |
| 947  |          4 |          8 |          4 |          1 |          1 |          0 |          0 |          0 |          0 |          0 |          1 |          1 |          1 |          1 |          0 |          0 |          0 |          0 |          0 |
| 948  |          4 |          8 |          4 |          1 |          1 |          0 |          0 |          0 |          0 |          0 |          1 |          1 |          1 |          1 |          0 |          0 |          0 |          0 |          0 |
| 949  |          4 |          8 |          4 |          1 |          1 |          0 |          0 |          0 |          0 |          0 |          1 |          1 |          1 |          1 |          0 |          0 |          0 |          0 |          0 |
| 950  |          4 |          8 |          4 |          1 |          1 |          0 |          0 |          0 |          0 |          0 |          1 |          1 |          1 |          1 |          0 |          0 |          0 |          0 |          0 |
| 951  |          4 |          8 |          4 |          1 |          1 |          0 |          0 |          0 |          0 |          0 |          1 |          1 |          1 |          1 |          0 |          0 |          0 |          0 |          0 |
| 952  |          4 |          8 |          4 |          1 |          1 |          1 |          0 |          0 |          0 |          0 |          1 |          1 |          1 |          1 |          0 |          0 |          0 |          0 |          0 |
| 953  |          4 |          8 |          4 |          1 |          1 |          1 |          0 |          0 |          0 |          0 |          1 |          1 |          1 |          1 |          0 |          0 |          0 |          0 |          0 |
| 954  |          4 |          8 |          4 |          1 |          1 |          1 |          0 |          0 |          0 |          0 |          1 |          1 |          1 |          1 |          0 |          0 |          0 |          0 |          0 |
| 955  |          4 |          8 |          4 |          1 |          1 |          1 |          0 |          0 |          0 |          0 |          1 |          1 |          1 |          1 |          0 |          0 |          0 |          0 |          0 |
| 956  |          4 |          8 |          4 |          1 |          1 |          1 |          0 |          0 |          0 |          0 |          1 |          1 |          1 |          1 |          0 |          0 |          0 |          0 |          0 |
| 957  |          4 |          8 |          4 |          1 |          1 |          1 |          0 |          0 |          0 |          0 |          1 |          1 |          1 |          1 |          0 |          0 |          0 |          0 |          0 |
| 958  |          4 |          8 |          4 |          1 |          1 |          1 |          0 |          0 |          0 |          0 |          1 |          1 |          1 |          1 |          0 |          0 |          0 |          0 |          0 |
| 959  |          4 |          8 |          4 |          1 |          1 |          1 |          0 |          0 |          0 |          0 |          1 |          1 |          1 |          1 |          0 |          0 |          0 |          0 |          0 |
| 960  |          4 |          8 |          4 |          1 |          1 |          1 |          0 |          0 |          0 |          0 |          1 |          1 |          1 |          1 |          0 |          0 |          0 |          0 |          0 |
| 961  |          4 |          8 |          4 |          1 |          1 |          1 |          0 |          0 |          0 |          0 |          1 |          1 |          1 |          1 |          0 |          0 |          0 |          0 |          0 |
| 962  |          4 |          8 |          4 |          1 |          1 |          1 |          0 |          0 |          0 |          0 |          1 |          1 |          1 |          1 |          0 |          0 |          0 |          0 |          0 |
| 963  |          4 |          8 |          4 |          1 |          1 |          1 |          0 |          0 |          0 |          0 |          1 |          1 |          1 |          1 |          0 |          0 |          0 |          0 |          0 |
| 964  |          4 |          8 |          4 |          1 |          1 |          1 |          0 |          0 |          0 |          0 |          1 |          1 |          1 |          1 |          0 |          0 |          0 |          0 |          0 |
| 965  |          4 |          8 |          4 |          1 |          1 |          1 |          0 |          0 |          0 |          0 |          1 |          1 |          1 |          1 |          0 |          0 |          0 |          0 |          0 |
| 966  |          4 |          8 |          4 |          1 |          1 |          1 |          0 |          0 |          0 |          0 |          1 |          1 |          1 |          1 |          0 |          0 |          0 |          0 |          0 |
| 967  |          4 |          8 |          4 |          1 |          1 |          1 |          0 |          0 |          0 |          0 |          1 |          1 |          1 |          1 |          0 |          0 |          0 |          0 |          0 |
| 968  |          4 |          8 |          4 |          1 |          1 |          1 |          0 |          0 |          0 |          0 |          1 |          1 |          1 |          1 |          0 |          0 |          0 |          0 |          0 |
| 969  |          4 |          8 |          4 |          1 |          1 |          1 |          0 |          0 |          0 |          0 |          1 |          1 |          1 |          1 |          0 |          0 |          0 |          0 |          0 |
| 970  |          4 |          8 |          4 |          1 |          1 |          1 |          0 |          0 |          0 |          0 |          1 |          1 |          1 |          1 |          0 |          0 |          0 |          0 |          0 |
| 971  |          4 |          8 |          4 |          1 |          1 |          1 |          0 |          0 |          0 |          0 |          1 |          1 |          1 |          1 |          0 |          0 |          0 |          0 |          0 |
| 972  |          4 |          8 |          4 |          1 |          1 |          1 |          0 |          0 |          0 |          0 |          1 |          1 |          1 |          1 |          0 |          0 |          0 |          0 |          0 |
| 973  |          4 |          8 |          4 |          1 |          1 |          1 |          0 |          0 |          0 |          0 |          1 |          1 |          1 |          1 |          0 |          0 |          0 |          0 |          0 |
| 974  |          5 |          8 |          4 |          1 |          1 |          1 |          0 |          0 |          0 |          0 |          1 |          1 |          1 |          1 |          0 |          0 |          0 |          0 |          0 |
| 975  |          5 |          8 |          4 |          1 |          1 |          1 |          0 |          0 |          0 |          0 |          1 |          1 |          1 |          1 |          0 |          0 |          0 |          0 |          0 |
| 976  |          5 |          8 |          4 |          1 |          1 |          1 |          0 |          0 |          0 |          0 |          1 |          1 |          1 |          1 |          0 |          0 |          0 |          0 |          0 |
| 977  |          5 |          8 |          4 |          1 |          1 |          1 |          0 |          0 |          0 |          0 |          1 |          1 |          1 |          1 |          0 |          0 |          0 |          0 |          0 |
| 978  |          5 |          8 |          4 |          1 |          1 |          1 |          0 |          0 |          0 |          0 |          1 |          1 |          1 |          1 |          0 |          0 |          0 |          0 |          0 |
| 979  |          5 |          8 |          4 |          1 |          1 |          1 |          0 |          0 |          0 |          0 |          1 |          1 |          1 |          1 |          0 |          0 |          0 |          0 |          0 |
| 980  |          5 |          8 |          4 |          1 |          1 |          1 |          0 |          0 |          0 |          0 |          1 |          1 |          1 |          1 |          0 |          0 |          0 |          0 |          0 |
| 981  |          5 |          8 |          4 |          1 |          1 |          1 |          0 |          0 |          0 |          0 |          1 |          1 |          1 |          1 |          0 |          0 |          0 |          0 |          0 |
| 982  |          5 |          8 |          4 |          1 |          1 |          1 |          0 |          0 |          0 |          0 |          1 |          1 |          1 |          1 |          0 |          0 |          0 |          0 |          0 |
| 983  |          5 |          8 |          4 |          1 |          1 |          1 |          0 |          0 |          0 |          0 |          1 |          1 |          1 |          1 |          0 |          0 |          0 |          0 |          0 |
| 984  |          5 |          8 |          4 |          1 |          1 |          1 |          0 |          0 |          0 |          0 |          1 |          1 |          1 |          1 |          0 |          0 |          0 |          0 |          0 |
| 985  |          5 |          8 |          4 |          1 |          1 |          1 |          0 |          0 |          0 |          0 |          1 |          1 |          1 |          1 |          0 |          0 |          0 |          0 |          0 |
| 986  |          5 |          8 |          5 |          1 |          1 |          1 |          0 |          0 |          0 |          0 |          1 |          1 |          1 |          1 |          0 |          0 |          0 |          0 |          0 |
| 987  |          5 |          8 |          5 |          1 |          1 |          1 |          0 |          0 |          0 |          0 |          1 |          1 |          1 |          1 |          0 |          0 |          0 |          0 |          0 |
| 988  |          5 |          8 |          5 |          1 |          1 |          1 |          0 |          0 |          0 |          0 |          1 |          1 |          1 |          1 |          0 |          0 |          0 |          0 |          0 |
| 989  |          5 |          8 |          5 |          1 |          1 |          1 |          0 |          0 |          0 |          0 |          1 |          1 |          1 |          1 |          0 |          0 |          0 |          0 |          0 |
| 990  |          5 |          6 |          5 |          1 |          1 |          1 |          0 |          0 |          0 |          0 |          1 |          1 |          1 |          1 |          0 |          0 |          0 |          0 |          0 |
| 991  |          5 |          6 |          5 |          1 |          1 |          1 |          0 |          0 |          0 |          0 |          1 |          1 |          1 |          1 |          0 |          0 |          0 |          0 |          0 |
| 992  |          5 |          6 |          5 |          1 |          1 |          1 |          0 |          0 |          0 |          0 |          1 |          1 |          1 |          1 |          0 |          0 |          0 |          0 |          0 |
| 993  |          5 |          6 |          5 |          1 |          1 |          1 |          0 |          0 |          0 |          0 |          1 |          1 |          1 |          1 |          0 |          0 |          0 |          0 |          0 |
| 994  |          5 |          6 |          5 |          1 |          1 |          1 |          0 |          0 |          0 |          0 |          1 |          1 |          1 |          1 |          0 |          0 |          0 |          0 |          0 |
| 995  |          5 |          6 |          5 |          1 |          1 |          1 |          0 |          0 |          0 |          0 |          1 |          1 |          1 |          1 |          0 |          0 |          0 |          0 |          0 |
| 996  |          5 |          6 |          5 |          1 |          1 |          1 |          0 |          0 |          0 |          0 |          1 |          1 |          1 |          1 |          0 |          0 |          0 |          0 |          0 |
| 997  |          5 |          6 |          5 |          1 |          1 |          1 |          0 |          0 |          0 |          0 |          1 |          1 |          1 |          1 |          0 |          0 |          0 |          0 |          0 |
| 998  |          5 |          6 |          5 |          1 |          1 |          1 |          0 |          0 |          0 |          0 |          1 |          1 |          1 |          1 |          0 |          0 |          0 |          0 |          0 |
| 999  |          5 |          6 |          5 |          1 |          1 |          1 |          0 |          0 |          0 |          0 |          1 |          1 |          1 |          1 |          0 |          0 |          0 |          0 |          0 |
| 000  |          5 |          6 |          5 |          1 |          1 |          1 |          0 |          0 |          0 |          0 |          1 |          1 |          1 |          1 |          0 |          0 |          0 |          0 |          0 |
