| time | RAM16K[16] | RAM16K[17] | RAM16K[18] | RAM16K[19] | RAM16K[20] | RAM16K[21] | RAM16K[22] | RAM16K[23] | RAM16K[24] | RAM16K[25] | RAM16K[26] | RAM16K[27] | RAM16K[28] | RAM16K[29] | RAM16K[30] | RAM16K[31] | RAM16K[32] | RAM16K[33] | RAM16K[34] |
| 0    |          0 |          0 |          0 |          0 |          0 |          0 |          0 |          0 |          0 |          0 |          0 |          0 |          0 |          0 |          0 |          0 |          0 |          0 |          0 |
| 1    |          0 |          0 |          0 |          0 |          0 |          0 |          0 |          0 |          0 |          0 |          0 |          0 |          0 |          0 |          0 |          0 |          0 |          0 |          0 |
| 2    |          0 |          0 |          0 |          0 |          0 |          0 |          0 |          0 |          0 |          0 |          0 |          0 |          0 |          0 |          0 |          0 |          0 |          0 |          0 |
| 3    |          0 |          0 |          0 |          0 |          0 |          0 |          0 |          0 |          0 |          0 |          0 |          0 |          0 |          0 |          0 |          0 |          0 |          0 |          0 |
| 4    |          0 |          0 |          0 |          0 |          0 |          0 |          0 |          0 |          0 |          0 |          0 |          0 |          0 |          0 |          0 |          0 |          0 |          0 |          0 |
| 5    |          0 |          0 |          0 |          0 |          0 |          0 |          0 |          0 |          0 |          0 |          0 |          0 |          0 |          0 |          0 |          0 |          0 |          0 |          0 |
| 6    |          0 |          0 |          0 |          0 |          0 |          0 |          0 |          0 |          0 |          0 |          0 |          0 |          0 |          0 |          0 |          0 |          0 |          0 |          0 |
| 7    |          0 |          0 |          0 |          0 |          0 |          0 |          0 |          0 |          0 |          0 |          0 |          0 |          0 |          0 |          0 |          0 |          0 |          0 |          0 |
| 8    |         35 |          0 |          0 |          0 |          0 |          0 |          0 |          0 |          0 |          0 |          0 |          0 |          0 |          0 |          0 |          0 |          0 |          0 |          0 |
| 9    |         35 |          0 |          0 |          0 |          0 |          0 |          0 |          0 |          0 |          0 |          0 |          0 |          0 |          0 |          0 |          0 |          0 |          0 |          0 |
| 10   |         35 |          0 |          0 |          0 |          0 |          0 |          0 |          0 |          0 |          0 |          0 |          0 |          0 |          0 |          0 |          0 |          0 |          0 |          0 |
| 11   |         35 |          0 |          0 |          0 |          0 |          0 |          0 |          0 |          0 |          0 |          0 |          0 |          0 |          0 |          0 |          0 |          0 |          0 |          0 |
| 12   |         35 |          6 |          0 |          0 |          0 |          0 |          0 |          0 |          0 |          0 |          0 |          0 |          0 |          0 |          0 |          0 |          0 |          0 |          0 |
| 13   |         35 |          6 |          0 |          0 |          0 |          0 |          0 |          0 |          0 |          0 |          0 |          0 |          0 |          0 |          0 |          0 |          0 |          0 |          0 |
| 14   |         35 |          6 |          0 |          0 |          0 |          0 |          0 |          0 |          0 |          0 |          0 |          0 |          0 |          0 |          0 |          0 |          0 |          0 |          0 |
| 15   |         35 |          6 |          0 |          0 |          0 |          0 |          0 |          0 |          0 |          0 |          0 |          0 |          0 |          0 |          0 |          0 |          0 |          0 |          0 |
| 16   |         35 |          6 |          0 |          0 |          0 |          0 |          0 |          0 |          0 |          0 |          0 |          0 |          0 |          0 |          0 |          0 |          0 |          0 |          0 |
| 17   |         35 |          6 |          0 |        100 |          0 |          0 |          0 |          0 |          0 |          0 |          0 |          0 |          0 |          0 |          0 |          0 |          0 |          0 |          0 |
| 18   |         35 |          6 |          0 |        100 |          0 |          0 |          0 |          0 |          0 |          0 |          0 |          0 |          0 |          0 |          0 |          0 |          0 |          0 |          0 |
| 19   |         35 |          6 |          0 |        101 |          0 |          0 |          0 |          0 |          0 |          0 |          0 |          0 |          0 |          0 |          0 |          0 |          0 |          0 |          0 |
| 20   |         35 |          6 |          0 |        101 |          0 |          0 |          0 |          0 |          0 |          0 |          0 |          0 |          0 |          0 |          0 |          0 |          0 |          0 |          0 |
| 21   |         35 |          6 |          0 |        101 |          0 |          0 |          0 |          0 |          0 |          0 |          0 |          0 |          0 |          0 |          0 |          0 |          0 |          0 |          0 |
| 22   |         35 |          6 |          0 |        101 |          0 |          0 |          0 |          0 |          0 |          0 |          0 |          0 |          0 |          0 |          0 |          0 |          0 |          0 |          0 |
| 23   |         35 |          6 |          0 |        101 |          0 |          0 |          0 |          0 |          0 |          0 |          0 |          0 |          0 |          0 |          0 |          0 |          0 |          0 |          0 |
| 24   |         35 |          6 |          0 |        101 |          0 |          0 |          0 |          0 |          0 |          0 |          0 |          0 |          0 |          0 |          0 |          0 |          0 |          0 |          0 |
| 25   |         35 |          6 |          0 |        101 |          0 |          0 |          0 |          0 |          0 |          0 |          0 |          0 |          0 |          0 |          0 |          0 |          0 |          0 |          0 |
| 26   |         35 |          6 |          0 |        102 |          0 |          0 |          0 |          0 |          0 |          0 |          0 |          0 |          0 |          0 |          0 |          0 |          0 |          0 |          0 |
| 27   |         35 |          6 |          0 |        102 |          0 |          0 |          0 |          0 |          0 |          0 |          0 |          0 |          0 |          0 |          0 |          0 |          0 |          0 |          0 |
| 28   |         35 |          6 |          0 |        102 |          0 |          0 |          0 |          0 |          0 |          0 |          0 |          0 |          0 |          0 |          0 |          0 |          0 |          0 |          0 |
| 29   |         35 |          6 |          0 |        102 |          0 |          0 |          0 |          0 |          0 |          0 |          0 |          0 |          0 |          0 |          0 |          0 |          0 |          0 |          0 |
| 30   |         35 |          6 |          0 |        102 |          0 |          0 |          0 |          0 |          0 |          0 |          0 |          0 |          0 |          0 |          0 |          0 |          0 |          0 |          0 |
| 31   |         35 |          6 |          0 |        102 |          0 |          0 |          0 |          0 |          0 |          0 |          0 |          0 |          0 |          0 |          0 |          0 |          0 |          0 |          0 |
| 32   |         35 |          6 |          0 |        102 |          0 |          0 |          0 |          0 |          0 |          0 |          0 |          0 |          0 |          0 |          0 |          0 |          0 |          0 |          0 |
| 33   |         35 |          6 |          0 |        103 |          0 |          0 |          0 |          0 |          0 |          0 |          0 |          0 |          0 |          0 |          0 |          0 |          0 |          0 |          0 |
| 34   |         35 |          6 |          0 |        103 |          0 |          0 |          0 |          0 |          0 |          0 |          0 |          0 |          0 |          0 |          0 |          0 |          0 |          0 |          0 |
| 35   |         35 |          6 |          0 |        103 |          0 |          0 |          0 |          0 |          0 |          0 |          0 |          0 |          0 |          0 |          0 |          0 |          0 |          0 |          0 |
| 36   |         35 |          6 |          0 |        103 |          0 |          0 |          0 |          0 |          0 |          0 |          0 |          0 |          0 |          0 |          0 |          0 |          0 |          0 |          0 |
| 37   |         35 |          6 |          0 |        103 |          0 |          0 |          0 |          0 |          0 |          0 |          0 |          0 |          0 |          0 |          0 |          0 |          0 |          0 |          0 |
| 38   |         35 |          6 |          0 |        103 |          0 |          0 |          0 |          0 |          0 |          0 |          0 |          0 |          0 |          0 |          0 |          0 |          0 |          0 |          0 |
| 39   |         35 |          6 |          0 |        103 |          0 |          0 |          0 |          0 |          0 |          0 |          0 |          0 |          0 |          0 |          0 |          0 |          0 |          0 |          0 |
| 40   |         35 |          6 |          0 |        103 |          0 |          0 |          0 |          0 |          0 |          0 |          0 |          0 |          0 |          0 |          0 |          0 |          0 |          0 |          0 |
| 41   |         35 |          6 |          0 |        103 |          0 |          0 |          0 |          0 |          0 |          0 |          0 |          0 |          0 |          0 |          0 |          0 |          0 |          0 |          0 |
| 42   |         35 |          6 |          0 |        103 |          0 |          0 |          0 |          0 |          0 |          0 |          0 |          0 |          0 |          0 |          0 |          0 |          0 |          0 |          0 |
| 43   |         35 |          6 |          0 |        103 |          0 |          0 |          0 |          0 |          0 |          0 |          0 |          0 |          0 |          0 |          0 |          0 |          0 |          0 |          0 |
| 44   |         35 |          6 |          0 |        103 |          0 |          0 |          0 |          0 |          0 |          0 |          0 |          0 |          0 |          0 |          0 |          0 |          0 |          0 |          0 |
| 45   |         35 |          6 |          0 |        103 |          0 |          0 |          0 |          0 |          0 |          0 |          0 |          0 |          0 |          0 |          0 |          0 |          0 |          0 |          0 |
| 46   |         35 |          6 |          0 |        103 |          0 |          0 |          0 |          0 |          0 |          0 |          0 |          0 |          0 |          0 |          0 |          0 |          0 |          0 |          0 |
| 47   |         35 |          6 |          0 |        103 |          0 |          6 |          0 |          0 |          0 |          0 |          0 |          0 |          0 |          0 |          0 |          0 |          0 |          0 |          0 |
| 48   |         35 |          6 |          0 |        103 |          0 |          6 |          0 |          0 |          0 |          0 |          0 |          0 |          0 |          0 |          0 |          0 |          0 |          0 |          0 |
| 49   |         35 |          6 |          0 |        103 |          0 |          6 |          0 |          0 |          0 |          0 |          0 |          0 |          0 |          0 |          0 |          0 |          0 |          0 |          0 |
| 50   |         35 |          6 |          0 |        103 |          0 |          6 |          0 |          0 |          0 |          0 |          0 |          0 |          0 |          0 |          0 |          0 |          0 |          0 |          0 |
| 51   |         35 |          6 |          0 |        103 |          0 |          6 |          0 |          0 |          0 |          0 |          0 |          0 |          0 |          0 |          0 |          0 |          0 |          0 |          0 |
| 52   |         35 |          6 |          0 |        103 |         35 |          6 |          0 |          0 |          0 |          0 |          0 |          0 |          0 |          0 |          0 |          0 |          0 |          0 |          0 |
| 53   |         35 |          6 |          0 |        103 |         35 |          6 |          0 |          0 |          0 |          0 |          0 |          0 |          0 |          0 |          0 |          0 |          0 |          0 |          0 |
| 54   |         35 |          6 |          0 |        103 |         35 |          6 |          0 |          0 |          0 |          0 |          0 |          0 |          0 |          0 |          0 |          0 |          0 |          0 |          0 |
| 55   |         35 |          6 |          0 |        103 |         35 |          6 |          0 |          0 |          0 |          0 |          0 |          0 |          0 |          0 |          0 |          0 |          0 |          0 |          0 |
| 56   |         35 |          6 |          0 |        103 |         35 |          6 |          0 |          0 |          0 |          0 |          0 |          0 |          0 |          0 |          0 |          0 |          0 |          0 |          0 |
| 57   |         35 |          6 |          0 |        103 |         35 |          6 |          0 |          0 |          0 |          0 |          0 |          0 |          0 |          0 |          0 |          0 |          0 |          0 |          0 |
| 58   |         35 |          6 |          0 |        103 |         35 |          6 |          0 |          0 |          0 |          0 |          0 |          0 |          0 |          0 |          0 |          0 |          0 |          0 |          0 |
| 59   |         35 |          6 |          0 |        103 |         35 |          6 |          0 |          0 |          0 |          0 |          0 |          0 |          0 |          0 |          0 |          0 |          0 |          0 |          0 |
| 60   |         35 |          6 |          0 |        104 |         35 |          6 |          0 |          0 |          0 |          0 |          0 |          0 |          0 |          0 |          0 |          0 |          0 |          0 |          0 |
| 61   |         35 |          6 |          0 |        104 |         35 |          6 |          0 |          0 |          0 |          0 |          0 |          0 |          0 |          0 |          0 |          0 |          0 |          0 |          0 |
| 62   |         35 |          6 |          0 |        104 |         35 |          6 |          0 |          0 |          0 |          0 |          0 |          0 |          0 |          0 |          0 |          0 |          0 |          0 |          0 |
| 63   |         35 |          6 |          0 |        104 |         35 |          6 |          0 |          0 |          0 |          0 |          0 |          0 |          0 |          0 |          0 |          0 |          0 |          0 |          0 |
| 64   |         35 |          6 |          0 |        104 |         35 |          6 |          0 |          0 |          0 |          0 |          0 |          0 |          0 |          0 |          0 |          0 |          0 |          0 |          0 |
| 65   |         35 |          6 |          0 |        104 |         35 |          6 |          0 |          0 |          0 |          0 |          0 |          0 |          0 |          0 |          0 |          0 |          0 |          0 |          0 |
| 66   |         35 |          6 |          0 |        104 |         35 |          6 |          0 |          0 |          0 |          0 |          0 |          0 |          0 |          0 |          0 |          0 |          0 |          0 |          0 |
| 67   |         35 |          6 |          0 |        105 |         35 |          6 |          0 |          0 |          0 |          0 |          0 |          0 |          0 |          0 |          0 |          0 |          0 |          0 |          0 |
| 68   |         35 |          6 |          0 |        105 |         35 |          6 |          0 |          0 |          0 |          0 |          0 |          0 |          0 |          0 |          0 |          0 |          0 |          0 |          0 |
| 69   |         35 |          6 |          0 |        105 |         35 |          6 |          0 |          0 |          0 |          0 |          0 |          0 |          0 |          0 |          0 |          0 |          0 |          0 |          0 |
| 70   |         35 |          6 |          0 |        105 |         35 |          6 |          0 |          0 |          0 |          0 |          0 |          0 |          0 |          0 |          0 |          0 |          0 |          0 |          0 |
| 71   |         35 |          6 |          0 |        105 |         35 |          6 |          0 |          0 |          0 |          0 |          0 |          0 |          0 |          0 |          0 |          0 |          0 |          0 |          0 |
| 72   |         35 |          6 |          0 |        105 |         35 |          6 |          0 |          0 |          0 |          0 |          0 |          0 |          0 |          0 |          0 |          0 |          0 |          0 |          0 |
| 73   |         35 |          6 |          0 |        105 |         35 |          6 |          0 |          0 |          0 |          0 |          0 |          0 |          0 |          0 |          0 |          0 |          0 |          0 |          0 |
| 74   |         35 |          6 |          0 |        105 |         35 |          6 |          0 |          0 |          0 |          0 |          0 |          0 |          0 |          0 |          0 |          0 |          0 |          0 |          0 |
| 75   |         35 |          6 |          0 |        105 |         35 |          6 |          0 |          0 |          0 |          0 |          0 |          0 |          0 |          0 |          0 |          0 |          0 |          0 |          0 |
| 76   |         35 |          6 |          0 |        106 |         35 |          6 |          0 |          0 |          0 |          0 |          0 |          0 |          0 |          0 |          0 |          0 |          0 |          0 |          0 |
| 77   |         35 |          6 |          0 |        106 |         35 |          6 |          0 |          0 |          0 |          0 |          0 |          0 |          0 |          0 |          0 |          0 |          0 |          0 |          0 |
| 78   |         35 |          6 |          0 |        106 |         35 |          6 |          0 |          0 |          0 |          0 |          0 |          0 |          0 |          0 |          0 |          0 |          0 |          0 |          0 |
| 79   |         35 |          6 |          0 |        106 |         35 |          6 |          0 |          0 |          0 |          0 |          0 |          0 |          0 |          0 |          0 |          0 |          0 |          0 |          0 |
| 80   |         35 |          6 |          0 |        106 |         35 |          6 |          0 |          0 |          0 |          0 |          0 |          0 |          0 |          0 |          0 |          0 |          0 |          0 |          0 |
| 81   |         35 |          6 |          0 |        106 |         35 |          6 |          0 |          0 |          0 |          0 |          0 |          0 |          0 |          0 |          0 |          0 |          0 |          0 |          0 |
| 82   |         35 |          6 |          0 |        106 |         35 |          6 |          0 |          0 |          0 |          0 |          0 |          0 |          0 |          0 |          0 |          0 |          0 |          0 |          0 |
| 83   |         35 |          6 |          0 |        106 |         35 |          6 |          0 |          0 |          0 |          0 |          0 |          0 |          0 |          0 |          0 |          0 |          0 |          0 |          0 |
| 84   |         35 |          6 |          0 |        106 |         35 |          6 |          0 |          0 |          0 |          0 |          0 |          0 |          0 |          0 |          0 |          0 |          0 |          0 |          0 |
| 85   |         35 |          6 |          0 |        106 |         35 |          6 |          0 |          0 |          0 |          0 |          0 |          0 |          0 |          0 |          0 |          0 |          0 |          0 |          0 |
| 86   |         35 |          6 |          0 |        106 |         35 |          6 |          0 |          0 |          0 |          0 |          0 |          0 |          0 |          0 |          0 |          0 |          0 |          0 |          0 |
| 87   |         35 |          6 |          0 |        106 |         35 |          6 |          0 |          0 |          0 |          0 |          0 |          0 |          0 |          0 |          0 |          0 |          0 |          0 |          0 |
| 88   |         35 |          6 |          0 |        106 |         35 |          6 |          0 |          0 |          0 |          0 |          0 |          0 |          0 |          0 |          0 |          0 |          0 |          0 |          0 |
| 89   |         35 |          6 |          0 |        106 |         35 |          6 |          0 |          0 |          0 |          0 |          0 |          0 |          0 |          0 |          0 |          0 |          0 |          0 |          0 |
| 90   |         35 |          6 |          0 |        106 |         35 |          6 |          0 |          0 |          0 |          0 |          0 |          0 |          0 |          0 |          0 |          0 |          0 |          0 |          0 |
| 91   |         35 |          6 |          0 |        106 |         35 |          6 |          0 |          0 |          0 |          0 |          0 |          0 |          0 |          0 |          0 |          0 |          0 |          0 |          0 |
| 92   |         35 |          6 |          0 |        106 |         35 |          6 |          0 |          0 |          0 |          0 |          0 |          0 |          0 |          0 |          0 |          0 |          0 |          0 |          0 |
| 93   |         35 |          6 |          0 |        106 |         35 |          6 |          0 |          0 |          0 |          0 |          0 |          0 |          0 |          0 |          0 |          0 |          0 |          0 |          0 |
| 94   |         35 |          6 |          0 |        106 |         35 |          6 |          0 |          0 |          0 |          0 |          0 |          0 |          0 |          0 |          0 |          0 |          0 |          0 |          0 |
| 95   |         35 |          6 |          0 |        106 |         29 |          6 |          0 |          0 |          0 |          0 |          0 |          0 |          0 |          0 |          0 |          0 |          0 |          0 |          0 |
| 96   |         35 |          6 |          0 |        106 |         29 |          6 |          0 |          0 |          0 |          0 |          0 |          0 |          0 |          0 |          0 |          0 |          0 |          0 |          0 |
| 97   |         35 |          6 |          0 |        106 |         29 |          6 |          0 |          0 |          0 |          0 |          0 |          0 |          0 |          0 |          0 |          0 |          0 |          0 |          0 |
| 98   |         35 |          6 |          0 |        106 |         29 |          6 |          0 |          0 |          0 |          0 |          0 |          0 |          0 |          0 |          0 |          0 |          0 |          0 |          0 |
| 99   |         35 |          6 |          0 |        106 |         29 |          6 |          0 |          0 |          0 |          0 |          0 |          0 |          0 |          0 |          0 |          0 |          0 |          0 |          0 |
| 100  |         35 |          6 |          0 |        106 |         29 |          6 |          0 |          0 |          0 |          0 |          0 |          0 |          0 |          0 |          0 |          0 |          0 |          0 |          0 |
| 101  |         35 |          6 |          0 |        106 |         29 |          6 |          0 |          0 |          0 |          0 |          0 |          0 |          0 |          0 |          0 |          0 |          0 |          0 |          0 |
| 102  |         35 |          6 |          0 |        106 |         29 |          6 |          0 |          0 |          0 |          0 |          0 |          0 |          0 |          0 |          0 |          0 |          0 |          0 |          0 |
| 103  |         35 |          6 |          0 |        107 |         29 |          6 |          0 |          0 |          0 |          0 |          0 |          0 |          0 |          0 |          0 |          0 |          0 |          0 |          0 |
| 104  |         35 |          6 |          0 |        107 |         29 |          6 |          0 |          0 |          0 |          0 |          0 |          0 |          0 |          0 |          0 |          0 |          0 |          0 |          0 |
| 105  |         35 |          6 |          0 |        107 |         29 |          6 |          0 |          0 |          0 |          0 |          0 |          0 |          0 |          0 |          0 |          0 |          0 |          0 |          0 |
| 106  |         35 |          6 |          0 |        107 |         29 |          6 |          0 |          0 |          0 |          0 |          0 |          0 |          0 |          0 |          0 |          0 |          0 |          0 |          0 |
| 107  |         35 |          6 |          0 |        107 |         29 |          6 |          0 |          0 |          0 |          0 |          0 |          0 |          0 |          0 |          0 |          0 |          0 |          0 |          0 |
| 108  |         35 |          6 |          0 |        107 |         29 |          6 |          0 |          0 |          0 |          0 |          0 |          0 |          0 |          0 |          0 |          0 |          0 |          0 |          0 |
| 109  |         35 |          6 |          0 |        107 |         29 |          6 |          0 |          0 |          0 |          0 |          0 |          0 |          0 |          0 |          0 |          0 |          0 |          0 |          0 |
| 110  |         35 |          6 |          0 |        108 |         29 |          6 |          0 |          0 |          0 |          0 |          0 |          0 |          0 |          0 |          0 |          0 |          0 |          0 |          0 |
| 111  |         35 |          6 |          0 |        108 |         29 |          6 |          0 |          0 |          0 |          0 |          0 |          0 |          0 |          0 |          0 |          0 |          0 |          0 |          0 |
| 112  |         35 |          6 |          0 |        108 |         29 |          6 |          0 |          0 |          0 |          0 |          0 |          0 |          0 |          0 |          0 |          0 |          0 |          0 |          0 |
| 113  |         35 |          6 |          0 |        108 |         29 |          6 |          0 |          0 |          0 |          0 |          0 |          0 |          0 |          0 |          0 |          0 |          0 |          0 |          0 |
| 114  |         35 |          6 |          0 |        108 |         29 |          6 |          0 |          0 |          0 |          0 |          0 |          0 |          0 |          0 |          0 |          0 |          0 |          0 |          0 |
| 115  |         35 |          6 |          0 |        108 |         29 |          6 |          0 |          0 |          0 |          0 |          0 |          0 |          0 |          0 |          0 |          0 |          0 |          0 |          0 |
| 116  |         35 |          6 |          0 |        108 |         29 |          6 |          0 |          0 |          0 |          0 |          0 |          0 |          0 |          0 |          0 |          0 |          0 |          0 |          0 |
| 117  |         35 |          6 |          0 |        108 |         29 |          6 |          0 |          0 |          0 |          0 |          0 |          0 |          0 |          0 |          0 |          0 |          0 |          0 |          0 |
| 118  |         35 |          6 |          0 |        108 |         29 |          6 |          0 |          0 |          0 |          0 |          0 |          0 |          0 |          0 |          0 |          0 |          0 |          0 |          0 |
| 119  |         35 |          6 |          0 |        109 |         29 |          6 |          0 |          0 |          0 |          0 |          0 |          0 |          0 |          0 |          0 |          0 |          0 |          0 |          0 |
| 120  |         35 |          6 |          0 |        109 |         29 |          6 |          0 |          0 |          0 |          0 |          0 |          0 |          0 |          0 |          0 |          0 |          0 |          0 |          0 |
| 121  |         35 |          6 |          0 |        109 |         29 |          6 |          0 |          0 |          0 |          0 |          0 |          0 |          0 |          0 |          0 |          0 |          0 |          0 |          0 |
| 122  |         35 |          6 |          0 |        109 |         29 |          6 |          0 |          0 |          0 |          0 |          0 |          0 |          0 |          0 |          0 |          0 |          0 |          0 |          0 |
| 123  |         35 |          6 |          0 |        109 |         29 |          6 |          0 |          0 |          0 |          0 |          0 |          0 |          0 |          0 |          0 |          0 |          0 |          0 |          0 |
| 124  |         35 |          6 |          0 |        109 |         29 |          6 |          0 |          0 |          0 |          0 |          0 |          0 |          0 |          0 |          0 |          0 |          0 |          0 |          0 |
| 125  |         35 |          6 |          0 |        109 |         29 |          6 |          0 |          0 |          0 |          0 |          0 |          0 |          0 |          0 |          0 |          0 |          0 |          0 |          0 |
| 126  |         35 |          6 |          0 |        109 |         29 |          6 |          0 |          0 |          0 |          0 |          0 |          0 |          0 |          0 |          0 |          0 |          0 |          0 |          0 |
| 127  |         35 |          6 |          0 |        109 |         29 |          6 |          0 |          0 |          0 |          0 |          0 |          0 |          0 |          0 |          0 |          0 |          0 |          0 |          0 |
| 128  |         35 |          6 |          0 |        109 |         29 |          6 |          0 |          0 |          0 |          0 |          0 |          0 |          0 |          0 |          0 |          0 |          0 |          0 |          0 |
| 129  |         35 |          6 |          0 |        109 |         29 |          6 |          0 |          0 |          0 |          0 |          0 |          0 |          0 |          0 |          0 |          0 |          0 |          0 |          0 |
| 130  |         35 |          6 |          0 |        109 |         29 |          6 |          0 |          0 |          0 |          0 |          0 |          0 |          0 |          0 |          0 |          0 |          0 |          0 |          0 |
| 131  |         35 |          6 |          0 |        109 |         29 |          6 |          0 |          0 |          0 |          0 |          0 |          0 |          0 |          0 |          0 |          0 |          0 |          0 |          0 |
| 132  |         35 |          6 |          0 |        109 |         29 |          6 |          0 |          0 |          0 |          0 |          0 |          0 |          0 |          0 |          0 |          0 |          0 |          0 |          0 |
| 133  |         35 |          6 |          0 |        109 |         29 |          6 |          0 |          0 |          0 |          0 |          0 |          0 |          0 |          0 |          0 |          0 |          0 |          0 |          0 |
| 134  |         35 |          6 |          0 |        109 |         29 |          6 |          0 |          0 |          0 |          0 |          0 |          0 |          0 |          0 |          0 |          0 |          0 |          0 |          0 |
| 135  |         35 |          6 |          0 |        109 |         29 |          6 |          0 |          0 |          0 |          0 |          0 |          0 |          0 |          0 |          0 |          0 |          0 |          0 |          0 |
| 136  |         35 |          6 |          0 |        109 |         29 |          6 |          0 |          0 |          0 |          0 |          0 |          0 |          0 |          0 |          0 |          0 |          0 |          0 |          0 |
| 137  |         35 |          6 |          0 |        109 |         29 |          6 |          0 |          0 |          0 |          0 |          0 |          0 |          0 |          0 |          0 |          0 |          0 |          0 |          0 |
| 138  |         35 |          6 |          0 |        109 |         23 |          6 |          0 |          0 |          0 |          0 |          0 |          0 |          0 |          0 |          0 |          0 |          0 |          0 |          0 |
| 139  |         35 |          6 |          0 |        109 |         23 |          6 |          0 |          0 |          0 |          0 |          0 |          0 |          0 |          0 |          0 |          0 |          0 |          0 |          0 |
| 140  |         35 |          6 |          0 |        109 |         23 |          6 |          0 |          0 |          0 |          0 |          0 |          0 |          0 |          0 |          0 |          0 |          0 |          0 |          0 |
| 141  |         35 |          6 |          0 |        109 |         23 |          6 |          0 |          0 |          0 |          0 |          0 |          0 |          0 |          0 |          0 |          0 |          0 |          0 |          0 |
| 142  |         35 |          6 |          0 |        109 |         23 |          6 |          0 |          0 |          0 |          0 |          0 |          0 |          0 |          0 |          0 |          0 |          0 |          0 |          0 |
| 143  |         35 |          6 |          0 |        109 |         23 |          6 |          0 |          0 |          0 |          0 |          0 |          0 |          0 |          0 |          0 |          0 |          0 |          0 |          0 |
| 144  |         35 |          6 |          0 |        109 |         23 |          6 |          0 |          0 |          0 |          0 |          0 |          0 |          0 |          0 |          0 |          0 |          0 |          0 |          0 |
| 145  |         35 |          6 |          0 |        109 |         23 |          6 |          0 |          0 |          0 |          0 |          0 |          0 |          0 |          0 |          0 |          0 |          0 |          0 |          0 |
| 146  |         35 |          6 |          0 |        110 |         23 |          6 |          0 |          0 |          0 |          0 |          0 |          0 |          0 |          0 |          0 |          0 |          0 |          0 |          0 |
| 147  |         35 |          6 |          0 |        110 |         23 |          6 |          0 |          0 |          0 |          0 |          0 |          0 |          0 |          0 |          0 |          0 |          0 |          0 |          0 |
| 148  |         35 |          6 |          0 |        110 |         23 |          6 |          0 |          0 |          0 |          0 |          0 |          0 |          0 |          0 |          0 |          0 |          0 |          0 |          0 |
| 149  |         35 |          6 |          0 |        110 |         23 |          6 |          0 |          0 |          0 |          0 |          0 |          0 |          0 |          0 |          0 |          0 |          0 |          0 |          0 |
| 150  |         35 |          6 |          0 |        110 |         23 |          6 |          0 |          0 |          0 |          0 |          0 |          0 |          0 |          0 |          0 |          0 |          0 |          0 |          0 |
| 151  |         35 |          6 |          0 |        110 |         23 |          6 |          0 |          0 |          0 |          0 |          0 |          0 |          0 |          0 |          0 |          0 |          0 |          0 |          0 |
| 152  |         35 |          6 |          0 |        110 |         23 |          6 |          0 |          0 |          0 |          0 |          0 |          0 |          0 |          0 |          0 |          0 |          0 |          0 |          0 |
| 153  |         35 |          6 |          0 |        111 |         23 |          6 |          0 |          0 |          0 |          0 |          0 |          0 |          0 |          0 |          0 |          0 |          0 |          0 |          0 |
| 154  |         35 |          6 |          0 |        111 |         23 |          6 |          0 |          0 |          0 |          0 |          0 |          0 |          0 |          0 |          0 |          0 |          0 |          0 |          0 |
| 155  |         35 |          6 |          0 |        111 |         23 |          6 |          0 |          0 |          0 |          0 |          0 |          0 |          0 |          0 |          0 |          0 |          0 |          0 |          0 |
| 156  |         35 |          6 |          0 |        111 |         23 |          6 |          0 |          0 |          0 |          0 |          0 |          0 |          0 |          0 |          0 |          0 |          0 |          0 |          0 |
| 157  |         35 |          6 |          0 |        111 |         23 |          6 |          0 |          0 |          0 |          0 |          0 |          0 |          0 |          0 |          0 |          0 |          0 |          0 |          0 |
| 158  |         35 |          6 |          0 |        111 |         23 |          6 |          0 |          0 |          0 |          0 |          0 |          0 |          0 |          0 |          0 |          0 |          0 |          0 |          0 |
| 159  |         35 |          6 |          0 |        111 |         23 |          6 |          0 |          0 |          0 |          0 |          0 |          0 |          0 |          0 |          0 |          0 |          0 |          0 |          0 |
| 160  |         35 |          6 |          0 |        111 |         23 |          6 |          0 |          0 |          0 |          0 |          0 |          0 |          0 |          0 |          0 |          0 |          0 |          0 |          0 |
| 161  |         35 |          6 |          0 |        111 |         23 |          6 |          0 |          0 |          0 |          0 |          0 |          0 |          0 |          0 |          0 |          0 |          0 |          0 |          0 |
| 162  |         35 |          6 |          0 |        112 |         23 |          6 |          0 |          0 |          0 |          0 |          0 |          0 |          0 |          0 |          0 |          0 |          0 |          0 |          0 |
| 163  |         35 |          6 |          0 |        112 |         23 |          6 |          0 |          0 |          0 |          0 |          0 |          0 |          0 |          0 |          0 |          0 |          0 |          0 |          0 |
| 164  |         35 |          6 |          0 |        112 |         23 |          6 |          0 |          0 |          0 |          0 |          0 |          0 |          0 |          0 |          0 |          0 |          0 |          0 |          0 |
| 165  |         35 |          6 |          0 |        112 |         23 |          6 |          0 |          0 |          0 |          0 |          0 |          0 |          0 |          0 |          0 |          0 |          0 |          0 |          0 |
| 166  |         35 |          6 |          0 |        112 |         23 |          6 |          0 |          0 |          0 |          0 |          0 |          0 |          0 |          0 |          0 |          0 |          0 |          0 |          0 |
| 167  |         35 |          6 |          0 |        112 |         23 |          6 |          0 |          0 |          0 |          0 |          0 |          0 |          0 |          0 |          0 |          0 |          0 |          0 |          0 |
| 168  |         35 |          6 |          0 |        112 |         23 |          6 |          0 |          0 |          0 |          0 |          0 |          0 |          0 |          0 |          0 |          0 |          0 |          0 |          0 |
| 169  |         35 |          6 |          0 |        112 |         23 |          6 |          0 |          0 |          0 |          0 |          0 |          0 |          0 |          0 |          0 |          0 |          0 |          0 |          0 |
| 170  |         35 |          6 |          0 |        112 |         23 |          6 |          0 |          0 |          0 |          0 |          0 |          0 |          0 |          0 |          0 |          0 |          0 |          0 |          0 |
| 171  |         35 |          6 |          0 |        112 |         23 |          6 |          0 |          0 |          0 |          0 |          0 |          0 |          0 |          0 |          0 |          0 |          0 |          0 |          0 |
| 172  |         35 |          6 |          0 |        112 |         23 |          6 |          0 |          0 |          0 |          0 |          0 |          0 |          0 |          0 |          0 |          0 |          0 |          0 |          0 |
| 173  |         35 |          6 |          0 |        112 |         23 |          6 |          0 |          0 |          0 |          0 |          0 |          0 |          0 |          0 |          0 |          0 |          0 |          0 |          0 |
| 174  |         35 |          6 |          0 |        112 |         23 |          6 |          0 |          0 |          0 |          0 |          0 |          0 |          0 |          0 |          0 |          0 |          0 |          0 |          0 |
| 175  |         35 |          6 |          0 |        112 |         23 |          6 |          0 |          0 |          0 |          0 |          0 |          0 |          0 |          0 |          0 |          0 |          0 |          0 |          0 |
| 176  |         35 |          6 |          0 |        112 |         23 |          6 |          0 |          0 |          0 |          0 |          0 |          0 |          0 |          0 |          0 |          0 |          0 |          0 |          0 |
| 177  |         35 |          6 |          0 |        112 |         23 |          6 |          0 |          0 |          0 |          0 |          0 |          0 |          0 |          0 |          0 |          0 |          0 |          0 |          0 |
| 178  |         35 |          6 |          0 |        112 |         23 |          6 |          0 |          0 |          0 |          0 |          0 |          0 |          0 |          0 |          0 |          0 |          0 |          0 |          0 |
| 179  |         35 |          6 |          0 |        112 |         23 |          6 |          0 |          0 |          0 |          0 |          0 |          0 |          0 |          0 |          0 |          0 |          0 |          0 |          0 |
| 180  |         35 |          6 |          0 |        112 |         23 |          6 |          0 |          0 |          0 |          0 |          0 |          0 |          0 |          0 |          0 |          0 |          0 |          0 |          0 |
| 181  |         35 |          6 |          0 |        112 |         17 |          6 |          0 |          0 |          0 |          0 |          0 |          0 |          0 |          0 |          0 |          0 |          0 |          0 |          0 |
| 182  |         35 |          6 |          0 |        112 |         17 |          6 |          0 |          0 |          0 |          0 |          0 |          0 |          0 |          0 |          0 |          0 |          0 |          0 |          0 |
| 183  |         35 |          6 |          0 |        112 |         17 |          6 |          0 |          0 |          0 |          0 |          0 |          0 |          0 |          0 |          0 |          0 |          0 |          0 |          0 |
| 184  |         35 |          6 |          0 |        112 |         17 |          6 |          0 |          0 |          0 |          0 |          0 |          0 |          0 |          0 |          0 |          0 |          0 |          0 |          0 |
| 185  |         35 |          6 |          0 |        112 |         17 |          6 |          0 |          0 |          0 |          0 |          0 |          0 |          0 |          0 |          0 |          0 |          0 |          0 |          0 |
| 186  |         35 |          6 |          0 |        112 |         17 |          6 |          0 |          0 |          0 |          0 |          0 |          0 |          0 |          0 |          0 |          0 |          0 |          0 |          0 |
| 187  |         35 |          6 |          0 |        112 |         17 |          6 |          0 |          0 |          0 |          0 |          0 |          0 |          0 |          0 |          0 |          0 |          0 |          0 |          0 |
| 188  |         35 |          6 |          0 |        112 |         17 |          6 |          0 |          0 |          0 |          0 |          0 |          0 |          0 |          0 |          0 |          0 |          0 |          0 |          0 |
| 189  |         35 |          6 |          0 |        113 |         17 |          6 |          0 |          0 |          0 |          0 |          0 |          0 |          0 |          0 |          0 |          0 |          0 |          0 |          0 |
| 190  |         35 |          6 |          0 |        113 |         17 |          6 |          0 |          0 |          0 |          0 |          0 |          0 |          0 |          0 |          0 |          0 |          0 |          0 |          0 |
| 191  |         35 |          6 |          0 |        113 |         17 |          6 |          0 |          0 |          0 |          0 |          0 |          0 |          0 |          0 |          0 |          0 |          0 |          0 |          0 |
| 192  |         35 |          6 |          0 |        113 |         17 |          6 |          0 |          0 |          0 |          0 |          0 |          0 |          0 |          0 |          0 |          0 |          0 |          0 |          0 |
| 193  |         35 |          6 |          0 |        113 |         17 |          6 |          0 |          0 |          0 |          0 |          0 |          0 |          0 |          0 |          0 |          0 |          0 |          0 |          0 |
| 194  |         35 |          6 |          0 |        113 |         17 |          6 |          0 |          0 |          0 |          0 |          0 |          0 |          0 |          0 |          0 |          0 |          0 |          0 |          0 |
| 195  |         35 |          6 |          0 |        113 |         17 |          6 |          0 |          0 |          0 |          0 |          0 |          0 |          0 |          0 |          0 |          0 |          0 |          0 |          0 |
| 196  |         35 |          6 |          0 |        114 |         17 |          6 |          0 |          0 |          0 |          0 |          0 |          0 |          0 |          0 |          0 |          0 |          0 |          0 |          0 |
| 197  |         35 |          6 |          0 |        114 |         17 |          6 |          0 |          0 |          0 |          0 |          0 |          0 |          0 |          0 |          0 |          0 |          0 |          0 |          0 |
| 198  |         35 |          6 |          0 |        114 |         17 |          6 |          0 |          0 |          0 |          0 |          0 |          0 |          0 |          0 |          0 |          0 |          0 |          0 |          0 |
| 199  |         35 |          6 |          0 |        114 |         17 |          6 |          0 |          0 |          0 |          0 |          0 |          0 |          0 |          0 |          0 |          0 |          0 |          0 |          0 |
| 200  |         35 |          6 |          0 |        114 |         17 |          6 |          0 |          0 |          0 |          0 |          0 |          0 |          0 |          0 |          0 |          0 |          0 |          0 |          0 |
| 201  |         35 |          6 |          0 |        114 |         17 |          6 |          0 |          0 |          0 |          0 |          0 |          0 |          0 |          0 |          0 |          0 |          0 |          0 |          0 |
| 202  |         35 |          6 |          0 |        114 |         17 |          6 |          0 |          0 |          0 |          0 |          0 |          0 |          0 |          0 |          0 |          0 |          0 |          0 |          0 |
| 203  |         35 |          6 |          0 |        114 |         17 |          6 |          0 |          0 |          0 |          0 |          0 |          0 |          0 |          0 |          0 |          0 |          0 |          0 |          0 |
| 204  |         35 |          6 |          0 |        114 |         17 |          6 |          0 |          0 |          0 |          0 |          0 |          0 |          0 |          0 |          0 |          0 |          0 |          0 |          0 |
| 205  |         35 |          6 |          0 |        115 |         17 |          6 |          0 |          0 |          0 |          0 |          0 |          0 |          0 |          0 |          0 |          0 |          0 |          0 |          0 |
| 206  |         35 |          6 |          0 |        115 |         17 |          6 |          0 |          0 |          0 |          0 |          0 |          0 |          0 |          0 |          0 |          0 |          0 |          0 |          0 |
| 207  |         35 |          6 |          0 |        115 |         17 |          6 |          0 |          0 |          0 |          0 |          0 |          0 |          0 |          0 |          0 |          0 |          0 |          0 |          0 |
| 208  |         35 |          6 |          0 |        115 |         17 |          6 |          0 |          0 |          0 |          0 |          0 |          0 |          0 |          0 |          0 |          0 |          0 |          0 |          0 |
| 209  |         35 |          6 |          0 |        115 |         17 |          6 |          0 |          0 |          0 |          0 |          0 |          0 |          0 |          0 |          0 |          0 |          0 |          0 |          0 |
| 210  |         35 |          6 |          0 |        115 |         17 |          6 |          0 |          0 |          0 |          0 |          0 |          0 |          0 |          0 |          0 |          0 |          0 |          0 |          0 |
| 211  |         35 |          6 |          0 |        115 |         17 |          6 |          0 |          0 |          0 |          0 |          0 |          0 |          0 |          0 |          0 |          0 |          0 |          0 |          0 |
| 212  |         35 |          6 |          0 |        115 |         17 |          6 |          0 |          0 |          0 |          0 |          0 |          0 |          0 |          0 |          0 |          0 |          0 |          0 |          0 |
| 213  |         35 |          6 |          0 |        115 |         17 |          6 |          0 |          0 |          0 |          0 |          0 |          0 |          0 |          0 |          0 |          0 |          0 |          0 |          0 |
| 214  |         35 |          6 |          0 |        115 |         17 |          6 |          0 |          0 |          0 |          0 |          0 |          0 |          0 |          0 |          0 |          0 |          0 |          0 |          0 |
| 215  |         35 |          6 |          0 |        115 |         17 |          6 |          0 |          0 |          0 |          0 |          0 |          0 |          0 |          0 |          0 |          0 |          0 |          0 |          0 |
| 216  |         35 |          6 |          0 |        115 |         17 |          6 |          0 |          0 |          0 |          0 |          0 |          0 |          0 |          0 |          0 |          0 |          0 |          0 |          0 |
| 217  |         35 |          6 |          0 |        115 |         17 |          6 |          0 |          0 |          0 |          0 |          0 |          0 |          0 |          0 |          0 |          0 |          0 |          0 |          0 |
| 218  |         35 |          6 |          0 |        115 |         17 |          6 |          0 |          0 |          0 |          0 |          0 |          0 |          0 |          0 |          0 |          0 |          0 |          0 |          0 |
| 219  |         35 |          6 |          0 |        115 |         17 |          6 |          0 |          0 |          0 |          0 |          0 |          0 |          0 |          0 |          0 |          0 |          0 |          0 |          0 |
| 220  |         35 |          6 |          0 |        115 |         17 |          6 |          0 |          0 |          0 |          0 |          0 |          0 |          0 |          0 |          0 |          0 |          0 |          0 |          0 |
| 221  |         35 |          6 |          0 |        115 |         17 |          6 |          0 |          0 |          0 |          0 |          0 |          0 |          0 |          0 |          0 |          0 |          0 |          0 |          0 |
| 222  |         35 |          6 |          0 |        115 |         17 |          6 |          0 |          0 |          0 |          0 |          0 |          0 |          0 |          0 |          0 |          0 |          0 |          0 |          0 |
| 223  |         35 |          6 |          0 |        115 |         17 |          6 |          0 |          0 |          0 |          0 |          0 |          0 |          0 |          0 |          0 |          0 |          0 |          0 |          0 |
| 224  |         35 |          6 |          0 |        115 |         11 |          6 |          0 |          0 |          0 |          0 |          0 |          0 |          0 |          0 |          0 |          0 |          0 |          0 |          0 |
| 225  |         35 |          6 |          0 |        115 |         11 |          6 |          0 |          0 |          0 |          0 |          0 |          0 |          0 |          0 |          0 |          0 |          0 |          0 |          0 |
| 226  |         35 |          6 |          0 |        115 |         11 |          6 |          0 |          0 |          0 |          0 |          0 |          0 |          0 |          0 |          0 |          0 |          0 |          0 |          0 |
| 227  |         35 |          6 |          0 |        115 |         11 |          6 |          0 |          0 |          0 |          0 |          0 |          0 |          0 |          0 |          0 |          0 |          0 |          0 |          0 |
| 228  |         35 |          6 |          0 |        115 |         11 |          6 |          0 |          0 |          0 |          0 |          0 |          0 |          0 |          0 |          0 |          0 |          0 |          0 |          0 |
| 229  |         35 |          6 |          0 |        115 |         11 |          6 |          0 |          0 |          0 |          0 |          0 |          0 |          0 |          0 |          0 |          0 |          0 |          0 |          0 |
| 230  |         35 |          6 |          0 |        115 |         11 |          6 |          0 |          0 |          0 |          0 |          0 |          0 |          0 |          0 |          0 |          0 |          0 |          0 |          0 |
| 231  |         35 |          6 |          0 |        115 |         11 |          6 |          0 |          0 |          0 |          0 |          0 |          0 |          0 |          0 |          0 |          0 |          0 |          0 |          0 |
| 232  |         35 |          6 |          0 |        116 |         11 |          6 |          0 |          0 |          0 |          0 |          0 |          0 |          0 |          0 |          0 |          0 |          0 |          0 |          0 |
| 233  |         35 |          6 |          0 |        116 |         11 |          6 |          0 |          0 |          0 |          0 |          0 |          0 |          0 |          0 |          0 |          0 |          0 |          0 |          0 |
| 234  |         35 |          6 |          0 |        116 |         11 |          6 |          0 |          0 |          0 |          0 |          0 |          0 |          0 |          0 |          0 |          0 |          0 |          0 |          0 |
| 235  |         35 |          6 |          0 |        116 |         11 |          6 |          0 |          0 |          0 |          0 |          0 |          0 |          0 |          0 |          0 |          0 |          0 |          0 |          0 |
| 236  |         35 |          6 |          0 |        116 |         11 |          6 |          0 |          0 |          0 |          0 |          0 |          0 |          0 |          0 |          0 |          0 |          0 |          0 |          0 |
| 237  |         35 |          6 |          0 |        116 |         11 |          6 |          0 |          0 |          0 |          0 |          0 |          0 |          0 |          0 |          0 |          0 |          0 |          0 |          0 |
| 238  |         35 |          6 |          0 |        116 |         11 |          6 |          0 |          0 |          0 |          0 |          0 |          0 |          0 |          0 |          0 |          0 |          0 |          0 |          0 |
| 239  |         35 |          6 |          0 |        117 |         11 |          6 |          0 |          0 |          0 |          0 |          0 |          0 |          0 |          0 |          0 |          0 |          0 |          0 |          0 |
| 240  |         35 |          6 |          0 |        117 |         11 |          6 |          0 |          0 |          0 |          0 |          0 |          0 |          0 |          0 |          0 |          0 |          0 |          0 |          0 |
| 241  |         35 |          6 |          0 |        117 |         11 |          6 |          0 |          0 |          0 |          0 |          0 |          0 |          0 |          0 |          0 |          0 |          0 |          0 |          0 |
| 242  |         35 |          6 |          0 |        117 |         11 |          6 |          0 |          0 |          0 |          0 |          0 |          0 |          0 |          0 |          0 |          0 |          0 |          0 |          0 |
| 243  |         35 |          6 |          0 |        117 |         11 |          6 |          0 |          0 |          0 |          0 |          0 |          0 |          0 |          0 |          0 |          0 |          0 |          0 |          0 |
| 244  |         35 |          6 |          0 |        117 |         11 |          6 |          0 |          0 |          0 |          0 |          0 |          0 |          0 |          0 |          0 |          0 |          0 |          0 |          0 |
| 245  |         35 |          6 |          0 |        117 |         11 |          6 |          0 |          0 |          0 |          0 |          0 |          0 |          0 |          0 |          0 |          0 |          0 |          0 |          0 |
| 246  |         35 |          6 |          0 |        117 |         11 |          6 |          0 |          0 |          0 |          0 |          0 |          0 |          0 |          0 |          0 |          0 |          0 |          0 |          0 |
| 247  |         35 |          6 |          0 |        117 |         11 |          6 |          0 |          0 |          0 |          0 |          0 |          0 |          0 |          0 |          0 |          0 |          0 |          0 |          0 |
| 248  |         35 |          6 |          0 |        118 |         11 |          6 |          0 |          0 |          0 |          0 |          0 |          0 |          0 |          0 |          0 |          0 |          0 |          0 |          0 |
| 249  |         35 |          6 |          0 |        118 |         11 |          6 |          0 |          0 |          0 |          0 |          0 |          0 |          0 |          0 |          0 |          0 |          0 |          0 |          0 |
| 250  |         35 |          6 |          0 |        118 |         11 |          6 |          0 |          0 |          0 |          0 |          0 |          0 |          0 |          0 |          0 |          0 |          0 |          0 |          0 |
| 251  |         35 |          6 |          0 |        118 |         11 |          6 |          0 |          0 |          0 |          0 |          0 |          0 |          0 |          0 |          0 |          0 |          0 |          0 |          0 |
| 252  |         35 |          6 |          0 |        118 |         11 |          6 |          0 |          0 |          0 |          0 |          0 |          0 |          0 |          0 |          0 |          0 |          0 |          0 |          0 |
| 253  |         35 |          6 |          0 |        118 |         11 |          6 |          0 |          0 |          0 |          0 |          0 |          0 |          0 |          0 |          0 |          0 |          0 |          0 |          0 |
| 254  |         35 |          6 |          0 |        118 |         11 |          6 |          0 |          0 |          0 |          0 |          0 |          0 |          0 |          0 |          0 |          0 |          0 |          0 |          0 |
| 255  |         35 |          6 |          0 |        118 |         11 |          6 |          0 |          0 |          0 |          0 |          0 |          0 |          0 |          0 |          0 |          0 |          0 |          0 |          0 |
| 256  |         35 |          6 |          0 |        118 |         11 |          6 |          0 |          0 |          0 |          0 |          0 |          0 |          0 |          0 |          0 |          0 |          0 |          0 |          0 |
| 257  |         35 |          6 |          0 |        118 |         11 |          6 |          0 |          0 |          0 |          0 |          0 |          0 |          0 |          0 |          0 |          0 |          0 |          0 |          0 |
| 258  |         35 |          6 |          0 |        118 |         11 |          6 |          0 |          0 |          0 |          0 |          0 |          0 |          0 |          0 |          0 |          0 |          0 |          0 |          0 |
| 259  |         35 |          6 |          0 |        118 |         11 |          6 |          0 |          0 |          0 |          0 |          0 |          0 |          0 |          0 |          0 |          0 |          0 |          0 |          0 |
| 260  |         35 |          6 |          0 |        118 |         11 |          6 |          0 |          0 |          0 |          0 |          0 |          0 |          0 |          0 |          0 |          0 |          0 |          0 |          0 |
| 261  |         35 |          6 |          0 |        118 |         11 |          6 |          0 |          0 |          0 |          0 |          0 |          0 |          0 |          0 |          0 |          0 |          0 |          0 |          0 |
| 262  |         35 |          6 |          0 |        118 |         11 |          6 |          0 |          0 |          0 |          0 |          0 |          0 |          0 |          0 |          0 |          0 |          0 |          0 |          0 |
| 263  |         35 |          6 |          0 |        118 |         11 |          6 |          0 |          0 |          0 |          0 |          0 |          0 |          0 |          0 |          0 |          0 |          0 |          0 |          0 |
| 264  |         35 |          6 |          0 |        118 |         11 |          6 |          0 |          0 |          0 |          0 |          0 |          0 |          0 |          0 |          0 |          0 |          0 |          0 |          0 |
| 265  |         35 |          6 |          0 |        118 |         11 |          6 |          0 |          0 |          0 |          0 |          0 |          0 |          0 |          0 |          0 |          0 |          0 |          0 |          0 |
| 266  |         35 |          6 |          0 |        118 |         11 |          6 |          0 |          0 |          0 |          0 |          0 |          0 |          0 |          0 |          0 |          0 |          0 |          0 |          0 |
| 267  |         35 |          6 |          0 |        118 |          5 |          6 |          0 |          0 |          0 |          0 |          0 |          0 |          0 |          0 |          0 |          0 |          0 |          0 |          0 |
| 268  |         35 |          6 |          0 |        118 |          5 |          6 |          0 |          0 |          0 |          0 |          0 |          0 |          0 |          0 |          0 |          0 |          0 |          0 |          0 |
| 269  |         35 |          6 |          0 |        118 |          5 |          6 |          0 |          0 |          0 |          0 |          0 |          0 |          0 |          0 |          0 |          0 |          0 |          0 |          0 |
| 270  |         35 |          6 |          0 |        118 |          5 |          6 |          0 |          0 |          0 |          0 |          0 |          0 |          0 |          0 |          0 |          0 |          0 |          0 |          0 |
| 271  |         35 |          6 |          0 |        118 |          5 |          6 |          0 |          0 |          0 |          0 |          0 |          0 |          0 |          0 |          0 |          0 |          0 |          0 |          0 |
| 272  |         35 |          6 |          0 |        118 |          5 |          6 |          0 |          0 |          0 |          0 |          0 |          0 |          0 |          0 |          0 |          0 |          0 |          0 |          0 |
| 273  |         35 |          6 |          0 |        118 |          5 |          6 |          0 |          0 |          0 |          0 |          0 |          0 |          0 |          0 |          0 |          0 |          0 |          0 |          0 |
| 274  |         35 |          6 |          0 |        118 |          5 |          6 |          0 |          0 |          0 |          0 |          0 |          0 |          0 |          0 |          0 |          0 |          0 |          0 |          0 |
| 275  |         35 |          6 |          0 |        118 |          5 |          6 |          0 |          0 |          0 |          0 |          0 |          0 |          0 |          0 |          0 |          0 |          0 |          0 |          0 |
| 276  |         35 |          6 |          0 |        118 |          5 |          6 |          0 |          0 |          0 |          0 |          0 |          0 |          0 |          0 |          0 |          0 |          0 |          0 |          0 |
| 277  |         35 |          6 |          0 |        118 |          5 |          6 |          5 |          0 |          0 |          0 |          0 |          0 |          0 |          0 |          0 |          0 |          0 |          0 |          0 |
| 278  |         35 |          6 |          0 |        118 |          5 |          6 |          5 |          0 |          0 |          0 |          0 |          0 |          0 |          0 |          0 |          0 |          0 |          0 |          0 |
| 279  |         35 |          6 |          0 |        118 |          5 |          6 |          5 |          0 |          0 |          0 |          0 |          0 |          0 |          0 |          0 |          0 |          0 |          0 |          0 |
| 280  |         35 |          6 |          0 |        118 |          5 |          6 |          5 |          0 |          0 |          0 |          0 |          0 |          0 |          0 |          0 |          0 |          0 |          0 |          0 |
| 281  |         35 |          6 |          0 |        116 |          5 |          6 |          5 |          0 |          0 |          0 |          0 |          0 |          0 |          0 |          0 |          0 |          0 |          0 |          0 |
| 282  |         35 |          6 |          0 |        116 |          5 |          6 |          5 |          0 |          0 |          0 |          0 |          0 |          0 |          0 |          0 |          0 |          0 |          0 |          0 |
| 283  |         35 |          6 |          0 |        116 |          5 |          6 |          5 |          0 |          0 |          0 |          0 |          0 |          0 |          0 |          0 |          0 |          0 |          0 |          0 |
| 284  |         35 |          6 |          0 |        116 |          5 |          6 |          5 |          0 |          0 |          0 |          0 |          0 |          0 |          0 |          0 |          0 |          0 |          0 |          0 |
| 285  |         35 |          6 |          0 |        116 |          5 |          6 |          5 |          0 |          0 |          0 |          0 |          0 |          0 |          0 |          0 |          0 |          0 |          0 |          0 |
| 286  |         35 |          6 |          0 |        116 |          5 |          6 |          5 |          0 |          0 |          0 |          0 |          0 |          0 |          0 |          0 |          0 |          0 |          0 |          0 |
| 287  |         35 |          6 |          0 |        116 |          5 |          6 |          5 |          0 |          0 |          0 |          0 |          0 |          0 |          0 |          0 |          0 |          0 |          0 |          0 |
| 288  |         35 |          6 |          0 |        116 |          5 |          6 |          5 |          0 |          0 |          0 |          0 |          0 |          0 |          0 |          0 |          0 |          0 |          0 |          0 |
| 289  |         35 |          6 |          0 |        116 |          5 |          6 |          5 |          0 |          0 |          0 |          0 |          0 |          0 |          0 |          0 |          0 |          0 |          0 |          0 |
| 290  |         35 |          6 |          0 |        116 |          5 |          6 |          5 |          0 |          0 |          0 |          0 |          0 |          0 |          0 |          0 |          0 |          0 |          0 |          0 |
| 291  |         35 |          6 |          0 |        116 |          5 |          6 |          5 |          0 |          0 |          0 |          0 |          0 |          0 |          0 |          0 |          0 |          0 |          0 |          0 |
| 292  |         35 |          6 |          0 |        116 |          5 |          6 |          5 |          0 |          0 |          0 |          0 |          0 |          0 |          0 |          0 |          0 |          0 |          0 |          0 |
| 293  |         35 |          6 |          0 |        116 |          5 |          6 |          5 |          0 |          0 |          0 |          0 |          0 |          0 |          0 |          0 |          0 |          0 |          0 |          0 |
| 294  |         35 |          6 |          0 |        116 |          5 |          6 |          5 |          0 |          0 |          0 |          0 |          0 |          0 |          0 |          0 |          0 |          0 |          0 |          0 |
| 295  |         35 |          6 |          0 |        116 |          5 |          6 |          5 |          0 |          0 |          0 |          0 |          0 |          0 |          0 |          0 |          0 |          0 |          0 |          0 |
| 296  |         35 |          6 |          0 |        116 |          5 |          6 |          5 |          0 |          0 |          0 |          0 |          0 |          0 |          0 |          0 |          0 |          0 |          0 |          0 |
| 297  |         35 |          6 |          0 |        116 |          5 |          6 |          5 |          0 |          0 |          0 |          0 |          0 |          0 |          0 |          0 |          0 |          0 |          0 |          0 |
| 298  |         35 |          6 |          0 |        116 |          5 |          6 |          5 |          0 |          0 |          0 |          0 |          0 |          0 |          0 |          0 |          0 |          0 |          0 |          0 |
| 299  |         35 |          6 |          0 |        113 |          5 |          6 |          5 |          0 |          0 |          0 |          0 |          0 |          0 |          0 |          0 |          0 |          0 |          0 |          0 |
| 300  |         35 |          6 |          0 |        113 |          5 |          6 |          5 |          0 |          0 |          0 |          0 |          0 |          0 |          0 |          0 |          0 |          0 |          0 |          0 |
| 301  |         35 |          6 |          0 |        113 |          5 |          6 |          5 |          0 |          0 |          0 |          0 |          0 |          0 |          0 |          0 |          0 |          0 |          0 |          0 |
| 302  |         35 |          6 |          0 |        113 |          5 |          6 |          5 |          0 |          0 |          0 |          0 |          0 |          0 |          0 |          0 |          0 |          0 |          0 |          0 |
| 303  |         35 |          6 |          0 |        113 |          5 |          6 |          5 |          0 |          0 |          0 |          0 |          0 |          0 |          0 |          0 |          0 |          0 |          0 |          0 |
| 304  |         35 |          6 |          0 |        113 |          5 |          6 |          5 |          0 |          0 |          0 |          0 |          0 |          0 |          0 |          0 |          0 |          0 |          0 |          0 |
| 305  |         35 |          6 |          0 |        113 |          5 |          6 |          5 |          0 |          0 |          0 |          0 |          0 |          0 |          0 |          0 |          0 |          0 |          0 |          0 |
| 306  |         35 |          6 |          0 |        113 |          5 |          6 |          5 |          0 |          0 |          0 |          0 |          0 |          0 |          0 |          0 |          0 |          0 |          0 |          0 |
| 307  |         35 |          6 |          0 |        113 |          5 |          6 |          5 |          0 |          0 |          0 |          0 |          0 |          0 |          0 |          0 |          0 |          0 |          0 |          0 |
| 308  |         35 |          6 |          0 |        113 |          5 |          6 |          5 |          0 |          0 |          0 |          0 |          0 |          0 |          0 |          0 |          0 |          0 |          0 |          0 |
| 309  |         35 |          6 |          0 |        113 |          5 |          6 |          5 |          0 |          0 |          0 |          0 |          0 |          0 |          0 |          0 |          0 |          0 |          0 |          0 |
| 310  |         35 |          6 |          0 |        113 |          5 |          6 |          5 |          0 |          0 |          0 |          0 |          0 |          0 |          0 |          0 |          0 |          0 |          0 |          0 |
| 311  |         35 |          6 |          0 |        113 |          5 |          6 |          5 |          0 |          0 |          0 |          0 |          0 |          0 |          0 |          0 |          0 |          0 |          0 |          0 |
| 312  |         35 |          6 |          0 |        113 |          5 |          6 |          5 |          0 |          0 |          0 |          0 |          0 |          0 |          0 |          0 |          0 |          0 |          0 |          0 |
| 313  |         35 |          6 |          0 |        113 |          5 |          6 |          5 |          0 |          0 |          0 |          0 |          0 |          0 |          0 |          0 |          0 |          0 |          0 |          0 |
| 314  |         35 |          6 |          0 |        113 |          5 |          6 |          5 |          0 |          0 |          0 |          0 |          0 |          0 |          0 |          0 |          0 |          0 |          0 |          0 |
| 315  |         35 |          6 |          0 |        113 |          5 |          6 |          5 |          0 |          0 |          0 |          0 |          0 |          0 |          0 |          0 |          0 |          0 |          0 |          0 |
| 316  |         35 |          6 |          0 |        113 |          5 |          6 |          5 |          0 |          0 |          0 |          0 |          0 |          0 |          0 |          0 |          0 |          0 |          0 |          0 |
| 317  |         35 |          6 |          0 |        110 |          5 |          6 |          5 |          0 |          0 |          0 |          0 |          0 |          0 |          0 |          0 |          0 |          0 |          0 |          0 |
| 318  |         35 |          6 |          0 |        110 |          5 |          6 |          5 |          0 |          0 |          0 |          0 |          0 |          0 |          0 |          0 |          0 |          0 |          0 |          0 |
| 319  |         35 |          6 |          0 |        110 |          5 |          6 |          5 |          0 |          0 |          0 |          0 |          0 |          0 |          0 |          0 |          0 |          0 |          0 |          0 |
| 320  |         35 |          6 |          0 |        110 |          5 |          6 |          5 |          0 |          0 |          0 |          0 |          0 |          0 |          0 |          0 |          0 |          0 |          0 |          0 |
| 321  |         35 |          6 |          0 |        110 |          5 |          6 |          5 |          0 |          0 |          0 |          0 |          0 |          0 |          0 |          0 |          0 |          0 |          0 |          0 |
| 322  |         35 |          6 |          0 |        110 |          5 |          6 |          5 |          0 |          0 |          0 |          0 |          0 |          0 |          0 |          0 |          0 |          0 |          0 |          0 |
| 323  |         35 |          6 |          0 |        110 |          5 |          6 |          5 |          0 |          0 |          0 |          0 |          0 |          0 |          0 |          0 |          0 |          0 |          0 |          0 |
| 324  |         35 |          6 |          0 |        110 |          5 |          6 |          5 |          0 |          0 |          0 |          0 |          0 |          0 |          0 |          0 |          0 |          0 |          0 |          0 |
| 325  |         35 |          6 |          0 |        110 |          5 |          6 |          5 |          0 |          0 |          0 |          0 |          0 |          0 |          0 |          0 |          0 |          0 |          0 |          0 |
| 326  |         35 |          6 |          0 |        110 |          5 |          6 |          5 |          0 |          0 |          0 |          0 |          0 |          0 |          0 |          0 |          0 |          0 |          0 |          0 |
| 327  |         35 |          6 |          0 |        110 |          5 |          6 |          5 |          0 |          0 |          0 |          0 |          0 |          0 |          0 |          0 |          0 |          0 |          0 |          0 |
| 328  |         35 |          6 |          0 |        110 |          5 |          6 |          5 |          0 |          0 |          0 |          0 |          0 |          0 |          0 |          0 |          0 |          0 |          0 |          0 |
| 329  |         35 |          6 |          0 |        110 |          5 |          6 |          5 |          0 |          0 |          0 |          0 |          0 |          0 |          0 |          0 |          0 |          0 |          0 |          0 |
| 330  |         35 |          6 |          0 |        110 |          5 |          6 |          5 |          0 |          0 |          0 |          0 |          0 |          0 |          0 |          0 |          0 |          0 |          0 |          0 |
| 331  |         35 |          6 |          0 |        110 |          5 |          6 |          5 |          0 |          0 |          0 |          0 |          0 |          0 |          0 |          0 |          0 |          0 |          0 |          0 |
| 332  |         35 |          6 |          0 |        110 |          5 |          6 |          5 |          0 |          0 |          0 |          0 |          0 |          0 |          0 |          0 |          0 |          0 |          0 |          0 |
| 333  |         35 |          6 |          0 |        110 |          5 |          6 |          5 |          0 |          0 |          0 |          0 |          0 |          0 |          0 |          0 |          0 |          0 |          0 |          0 |
| 334  |         35 |          6 |          0 |        110 |          5 |          6 |          5 |          0 |          0 |          0 |          0 |          0 |          0 |          0 |          0 |          0 |          0 |          0 |          0 |
| 335  |         35 |          6 |          0 |        107 |          5 |          6 |          5 |          0 |          0 |          0 |          0 |          0 |          0 |          0 |          0 |          0 |          0 |          0 |          0 |
| 336  |         35 |          6 |          0 |        107 |          5 |          6 |          5 |          0 |          0 |          0 |          0 |          0 |          0 |          0 |          0 |          0 |          0 |          0 |          0 |
| 337  |         35 |          6 |          0 |        107 |          5 |          6 |          5 |          0 |          0 |          0 |          0 |          0 |          0 |          0 |          0 |          0 |          0 |          0 |          0 |
| 338  |         35 |          6 |          0 |        107 |          5 |          6 |          5 |          0 |          0 |          0 |          0 |          0 |          0 |          0 |          0 |          0 |          0 |          0 |          0 |
| 339  |         35 |          6 |          0 |        107 |          5 |          6 |          5 |          0 |          0 |          0 |          0 |          0 |          0 |          0 |          0 |          0 |          0 |          0 |          0 |
| 340  |         35 |          6 |          0 |        107 |          5 |          6 |          5 |          0 |          0 |          0 |          0 |          0 |          0 |          0 |          0 |          0 |          0 |          0 |          0 |
| 341  |         35 |          6 |          0 |        107 |          5 |          6 |          5 |          0 |          0 |          0 |          0 |          0 |          0 |          0 |          0 |          0 |          0 |          0 |          0 |
| 342  |         35 |          6 |          0 |        107 |          5 |          6 |          5 |          0 |          0 |          0 |          0 |          0 |          0 |          0 |          0 |          0 |          0 |          0 |          0 |
| 343  |         35 |          6 |          0 |        107 |          5 |          6 |          5 |          0 |          0 |          0 |          0 |          0 |          0 |          0 |          0 |          0 |          0 |          0 |          0 |
| 344  |         35 |          6 |          0 |        107 |          5 |          6 |          5 |          0 |          0 |          0 |          0 |          0 |          0 |          0 |          0 |          0 |          0 |          0 |          0 |
| 345  |         35 |          6 |          0 |        107 |          5 |          6 |          5 |          0 |          0 |          0 |          0 |          0 |          0 |          0 |          0 |          0 |          0 |          0 |          0 |
| 346  |         35 |          6 |          0 |        107 |          5 |          6 |          5 |          0 |          0 |          0 |          0 |          0 |          0 |          0 |          0 |          0 |          0 |          0 |          0 |
| 347  |         35 |          6 |          0 |        107 |          5 |          6 |          5 |          0 |          0 |          0 |          0 |          0 |          0 |          0 |          0 |          0 |          0 |          0 |          0 |
| 348  |         35 |          6 |          0 |        107 |          5 |          6 |          5 |          0 |          0 |          0 |          0 |          0 |          0 |          0 |          0 |          0 |          0 |          0 |          0 |
| 349  |         35 |          6 |          0 |        107 |          5 |          6 |          5 |          0 |          0 |          0 |          0 |          0 |          0 |          0 |          0 |          0 |          0 |          0 |          0 |
| 350  |         35 |          6 |          0 |        107 |          5 |          6 |          5 |          0 |          0 |          0 |          0 |          0 |          0 |          0 |          0 |          0 |          0 |          0 |          0 |
| 351  |         35 |          6 |          0 |        107 |          5 |          6 |          5 |          0 |          0 |          0 |          0 |          0 |          0 |          0 |          0 |          0 |          0 |          0 |          0 |
| 352  |         35 |          6 |          0 |        107 |          5 |          6 |          5 |          0 |          0 |          0 |          0 |          0 |          0 |          0 |          0 |          0 |          0 |          0 |          0 |
| 353  |         35 |          6 |          0 |        104 |          5 |          6 |          5 |          0 |          0 |          0 |          0 |          0 |          0 |          0 |          0 |          0 |          0 |          0 |          0 |
| 354  |         35 |          6 |          0 |        104 |          5 |          6 |          5 |          0 |          0 |          0 |          0 |          0 |          0 |          0 |          0 |          0 |          0 |          0 |          0 |
| 355  |         35 |          6 |          0 |        104 |          5 |          6 |          5 |          0 |          0 |          0 |          0 |          0 |          0 |          0 |          0 |          0 |          0 |          0 |          0 |
| 356  |         35 |          6 |          0 |        104 |          5 |          6 |          5 |          0 |          0 |          0 |          0 |          0 |          0 |          0 |          0 |          0 |          0 |          0 |          0 |
| 357  |         35 |          6 |          0 |        104 |          5 |          6 |          5 |          0 |          0 |          0 |          0 |          0 |          0 |          0 |          0 |          0 |          0 |          0 |          0 |
| 358  |         35 |          6 |          0 |        104 |          5 |          6 |          5 |          0 |          0 |          0 |          0 |          0 |          0 |          0 |          0 |          0 |          0 |          0 |          0 |
| 359  |         35 |          6 |          0 |        104 |          5 |          6 |          5 |          0 |          0 |          0 |          0 |          0 |          0 |          0 |          0 |          0 |          0 |          0 |          0 |
| 360  |         35 |          6 |          0 |        104 |          5 |          6 |          5 |          0 |          0 |          0 |          0 |          0 |          0 |          0 |          0 |          0 |          0 |          0 |          0 |
| 361  |         35 |          6 |          0 |        104 |          5 |          6 |          5 |          0 |          0 |          0 |          0 |          0 |          0 |          0 |          0 |          0 |          0 |          0 |          0 |
| 362  |         35 |          6 |          0 |        104 |          5 |          6 |          5 |          0 |          0 |          0 |          0 |          0 |          0 |          0 |          0 |          0 |          0 |          0 |          0 |
| 363  |         35 |          6 |          0 |        104 |          5 |          6 |          5 |          0 |          0 |          0 |          0 |          0 |          0 |          0 |          0 |          0 |          0 |          0 |          0 |
| 364  |         35 |          6 |          0 |        104 |          5 |          6 |          5 |          0 |          0 |          0 |          0 |          0 |          0 |          0 |          0 |          0 |          0 |          0 |          0 |
| 365  |         35 |          6 |          0 |        104 |          5 |          6 |          5 |          0 |          0 |          0 |          0 |          0 |          0 |          0 |          0 |          0 |          0 |          0 |          0 |
| 366  |         35 |          6 |          0 |        104 |          5 |          6 |          5 |          0 |          0 |          0 |          0 |          0 |          0 |          0 |          0 |          0 |          0 |          0 |          0 |
| 367  |         35 |          6 |          0 |        104 |          5 |          6 |          5 |          0 |          0 |          0 |          0 |          0 |          0 |          0 |          0 |          0 |          0 |          0 |          0 |
| 368  |         35 |          6 |          0 |        104 |          5 |          6 |          5 |          0 |          0 |          0 |          0 |          0 |          0 |          0 |          0 |          0 |          0 |          0 |          0 |
| 369  |         35 |          6 |          0 |        104 |          5 |          6 |          5 |          0 |          0 |          0 |          0 |          0 |          0 |          0 |          0 |          0 |          0 |          0 |          0 |
| 370  |         35 |          6 |          0 |        104 |          5 |          6 |          5 |          0 |          0 |          0 |          0 |          0 |          0 |          0 |          0 |          0 |          0 |          0 |          0 |
| 371  |         35 |          6 |          0 |        101 |          5 |          6 |          5 |          0 |          0 |          0 |          0 |          0 |          0 |          0 |          0 |          0 |          0 |          0 |          0 |
| 372  |         35 |          6 |          0 |        101 |          5 |          6 |          5 |          0 |          0 |          0 |          0 |          0 |          0 |          0 |          0 |          0 |          0 |          0 |          0 |
| 373  |         35 |          6 |          0 |        101 |          5 |          6 |          5 |          0 |          0 |          0 |          0 |          0 |          0 |          0 |          0 |          0 |          0 |          0 |          0 |
| 374  |         35 |          6 |          0 |        101 |          5 |          6 |          5 |          0 |          0 |          0 |          0 |          0 |          0 |          0 |          0 |          0 |          0 |          0 |          0 |
| 375  |         35 |          6 |          0 |        101 |          5 |          6 |          5 |          0 |          0 |          0 |          0 |          0 |          0 |          0 |          0 |          0 |          0 |          0 |          0 |
| 376  |         35 |          6 |          0 |        101 |          5 |          6 |          5 |          0 |          0 |          0 |          0 |          0 |          0 |          0 |          0 |          0 |          0 |          0 |          0 |
| 377  |         35 |          6 |          0 |        101 |          5 |          6 |          5 |          0 |          0 |          0 |          0 |          0 |          0 |          0 |          0 |          0 |          0 |          0 |          0 |
| 378  |         35 |          6 |          0 |        101 |          5 |          6 |          5 |          0 |          0 |          0 |          0 |          0 |          0 |          0 |          0 |          0 |          0 |          0 |          0 |
| 379  |         35 |          6 |          0 |        101 |          5 |          6 |          5 |          0 |          0 |          0 |          0 |          0 |          0 |          0 |          0 |          0 |          0 |          0 |          0 |
| 380  |         35 |          6 |          0 |        101 |          5 |          6 |          5 |          0 |          0 |          0 |          0 |          0 |          0 |          0 |          0 |          0 |          0 |          0 |          0 |
| 381  |         35 |          6 |          0 |        101 |          5 |          6 |          5 |          0 |          0 |          0 |          0 |          0 |          0 |          0 |          0 |          0 |          0 |          0 |          0 |
| 382  |         35 |          6 |          0 |        101 |          5 |          6 |          5 |          0 |          0 |          0 |          0 |          0 |          0 |          0 |          0 |          0 |          0 |          0 |          0 |
| 383  |         35 |          6 |          0 |        101 |          5 |          6 |          5 |          0 |          0 |          0 |          0 |          0 |          0 |          0 |          0 |          0 |          0 |          0 |          0 |
| 384  |         35 |          6 |          0 |        101 |          5 |          6 |          5 |          0 |          0 |          0 |          0 |          0 |          0 |          0 |          0 |          0 |          0 |          0 |          0 |
| 385  |         35 |          6 |          5 |        101 |          5 |          6 |          5 |          0 |          0 |          0 |          0 |          0 |          0 |          0 |          0 |          0 |          0 |          0 |          0 |
| 386  |         35 |          6 |          5 |        101 |          5 |          6 |          5 |          0 |          0 |          0 |          0 |          0 |          0 |          0 |          0 |          0 |          0 |          0 |          0 |
| 387  |         35 |          6 |          5 |        101 |          5 |          6 |          5 |          0 |          0 |          0 |          0 |          0 |          0 |          0 |          0 |          0 |          0 |          0 |          0 |
| 388  |         35 |          6 |          5 |        101 |          5 |          6 |          5 |          0 |          0 |          0 |          0 |          0 |          0 |          0 |          0 |          0 |          0 |          0 |          0 |
| 389  |         35 |          6 |          5 |        101 |          5 |          6 |          5 |          0 |          0 |          0 |          0 |          0 |          0 |          0 |          0 |          0 |          0 |          0 |          0 |
| 390  |         35 |          6 |          5 |        101 |          5 |          6 |          5 |          0 |          0 |          0 |          0 |          0 |          0 |          0 |          0 |          0 |          0 |          0 |          0 |
| 391  |         35 |          6 |          5 |        101 |          5 |          6 |          5 |          0 |          0 |          0 |          0 |          0 |          0 |          0 |          0 |          0 |          0 |          0 |          0 |
| 392  |         35 |          6 |          5 |        101 |          5 |          6 |          5 |          0 |          0 |          0 |          0 |          0 |          0 |          0 |          0 |          0 |          0 |          0 |          0 |
| 393  |         35 |          6 |          5 |        101 |          5 |          6 |          5 |          0 |          0 |          0 |          0 |          0 |          0 |          0 |          0 |          0 |          0 |          0 |          0 |
| 394  |         35 |          6 |          5 |        101 |          5 |          6 |          5 |          0 |          0 |          0 |          0 |          0 |          0 |          0 |          0 |          0 |          0 |          0 |          0 |
| 395  |         35 |          6 |          5 |        101 |          5 |          6 |          5 |          0 |          0 |          0 |          0 |          0 |          0 |          0 |          0 |          0 |          0 |          0 |          0 |
| 396  |         35 |          6 |          5 |        101 |          5 |          6 |          5 |          0 |          0 |          0 |          0 |          0 |          0 |          0 |          0 |          0 |          0 |          0 |          0 |
| 397  |         35 |          6 |          5 |        101 |          5 |          6 |          5 |          0 |          0 |          0 |          0 |          0 |          0 |          0 |          0 |          0 |          0 |          0 |          0 |
| 398  |         35 |          6 |          5 |        101 |          5 |          6 |          5 |          0 |          0 |          0 |          0 |          0 |          0 |          0 |          0 |          0 |          0 |          0 |          0 |
